<top-song xmlns="http://marklogic.com/MLU/top-songs">
  <!--Copyright (c) 2010 Mark Logic Corporation. Permission is
granted to copy, distribute and/or modify this document under the terms of the
GNU Free Documentation License, Version 1.2 or any later version published by
the Free Software Foundation; with no Invariant Sections, no Front-Cover Texts,
and no Back-Cover Texts. A copy of the license is included in the section 
entitled "GNU Free Documentation License." Content derived from 
http://en.wikipedia.org/wiki/My_Sister_and_I_(song) 

Modified in February 2010 by Mark Logic Corporation under the terms of the 
GNU Free Documentation License.-->
  <title href="http://en.wikipedia.org/wiki/My_Sister_and_I_(song)" xmlns:ts="http://marklogic.com/MLU/top-songs">My Sister and I</title>
  <artist xmlns:ts="http://marklogic.com/MLU/top-songs"/>
  <weeks last="1941-06-07">
    <week>1941-06-07</week>
  </weeks>
  <descr>
    <p>"My Sister and I" is a song written by Hy Zaret, Joan
    Whitney and Alex Kramer, recorded by Jimmy Dorsey. It hit
    number one on the Billboard charts on June 7, 1941.</p>
    
  </descr>
</top-song>
