<top-song xmlns="http://marklogic.com/MLU/top-songs">
  <!--Copyright (c) 2010 Mark Logic Corporation. Permission is
granted to copy, distribute and/or modify this document under the terms of the
GNU Free Documentation License, Version 1.2 or any later version published by
the Free Software Foundation; with no Invariant Sections, no Front-Cover Texts,
and no Back-Cover Texts. A copy of the license is included in the section 
entitled "GNU Free Documentation License." Content derived from 
http://en.wikipedia.org/wiki/How_Do_U_Want_It 

Modified in February 2010 by Mark Logic Corporation under the terms of the 
GNU Free Documentation License.-->
  <title href="http://en.wikipedia.org/wiki/How_Do_U_Want_It" xmlns:ts="http://marklogic.com/MLU/top-songs">How Do U Want It" / "California Love</title>
  <artist href="http://en.wikipedia.org/wiki/2Pac" xmlns:ts="http://marklogic.com/MLU/top-songs">2Pac featuring K-Ci and JoJo / featuring Dr. Dre and Roger Troutman</artist>
  <weeks last="1996-07-20">
    <week>1996-07-13</week>
    <week>1996-07-20</week>
  </weeks>
  <album url="http://upload.wikimedia.org/wikipedia/en/thumb/3/3d/How_Do_U_Want_It.jpeg/200px-How_Do_U_Want_It.jpeg" uri="/images/2Pac-featuring-K-Ci-and-JoJo-featuring-Dr-Dre-and-Roger-Troutman+How-Do-U-Want-It-California-Love.jpeg">
  All Eyez on Me</album>
  <released>June 4, 1996</released>
  <formats>
    <format>12-inch single</format>
  </formats>
  <recorded>October 1995</recorded>
  <genres>
    <genre>West Coast hip hop</genre>
  </genres>
  <lengths>
    <length>4:47</length>
  </lengths>
  <label>Death Row</label>
  <writers>
    <writer>Tupac Shakur</writer>
    <writer>Johnny Jackson</writer>
    <writer>Bruce Fisher</writer>
    <writer>Leon Ware</writer>
    <writer>Stanley Richardson</writer>
    <writer>Quincy Jones</writer>
  </writers>
  <producers>
    <producer>Johnny "J"</producer>
  </producers>
  <descr>
    <p>"How Do U Want It" is a song of 2Pac featuring K-Ci and JoJo
    and was the third single from his album 
    <i>All Eyez on Me</i>. It was a Double A-side single to
    "California Love", and the tracks combined were credited as a
    #1 single on the U.S. Billboard Hot 100 in 1996. In the UK, the
    song peaked at #17.</p>
    <p>It samples Quincy Jones's "Body Heat" from his 1974 album 
    <i>Body Heat</i></p>
    <p>The song includes a diss of noted gangsta rap critic C.
    Delores Tucker.</p>
    <p>There were three videos filmed for this song: two in the
    same set for the single in April 1996 directed by Ron Hightower
    and produced by Tracy D. Robinson. These two are distinguished
    by MPAA rating (one is certified adult material). The video
    portrays a wild sex party with jacuzzi, mechanical bull riding,
    cage dancing and pole stripping. All actors and actresses are
    dressed in renaissance-age costumes, though all clothes are
    removed for the nude clip. The limousine segment seen in the
    clean version is the same except no nudity. The third one is
    the concert version, mostly them performing on stage (not the
    House Of Blues live performance). There are cameo appearances
    by K-Ci &amp; Jojo both in the concert and studio segments. The
    adult-material video also features numerous porn stars,
    including Nina Hartley, Heather Hunter, and Angel Kelly.</p>
    <p>Hot 100 number-one hits of 1996 (USA)</p>
    
  </descr>
</top-song>
