<top-song xmlns="http://marklogic.com/MLU/top-songs">
  <!--Copyright (c) 2010 Mark Logic Corporation. Permission is
granted to copy, distribute and/or modify this document under the terms of the
GNU Free Documentation License, Version 1.2 or any later version published by
the Free Software Foundation; with no Invariant Sections, no Front-Cover Texts,
and no Back-Cover Texts. A copy of the license is included in the section 
entitled "GNU Free Documentation License." Content derived from 
http://en.wikipedia.org/wiki/Boogie_Oogie_Oogie 

Modified in February 2010 by Mark Logic Corporation under the terms of the 
GNU Free Documentation License.-->
  <title href="http://en.wikipedia.org/wiki/Boogie_Oogie_Oogie" xmlns:ts="http://marklogic.com/MLU/top-songs">Boogie Oogie Oogie</title>
  <artist href="http://en.wikipedia.org/wiki/A_Taste_of_Honey_(band)" xmlns:ts="http://marklogic.com/MLU/top-songs">A Taste of Honey</artist>
  <weeks last="1978-09-23">
    <week>1978-09-09</week>
    <week>1978-09-16</week>
    <week>1978-09-23</week>
  </weeks>
  <album url="http://upload.wikimedia.org/wikipedia/en/thumb/9/99/Boogie_oogie_oogie.jpg/200px-Boogie_oogie_oogie.jpg" uri="/images/A-Taste-of-Honey+Boogie-Oogie-Oogie.jpg">A Taste of
  Honey</album>
  <released>1978</released>
  <genres>
    <genre>Disco</genre>
    <genre>soul</genre>
  </genres>
  <lengths>
    <length>3:40</length>
  </lengths>
  <label>Capitol</label>
  <writers>
    <writer>Janice Marie Johnson</writer>
    <writer>Perry L. Kibble</writer>
  </writers>
  <producers>
    <producer>Fonce Mizell</producer>
    <producer>Larry Mizell</producer>
  </producers>
  <descr>
    <p>"Boogie Oogie Oogie" is the name of a popular song by
    disco/R&amp;B group A Taste of Honey. Released from their
    self-titled album in 1978, it became an extremely popular
    "crossover" song. The lyrics urge listeners to "boogie oogie
    oogie till you just can't boogie no more." It topped the
    Billboard Hot 100 chart, the Hot Soul Singles chart, and the
    Hot Dance Club Play chart. It would eventually sell over two
    million copies and has become one of the most recognizable
    songs from the late 1970s disco era. It would also help the
    group win the Grammy Award for Best New Artist of 1978.</p>
    <p>In the late 1990s, the song was used in a national campaign
    ad for Burger King and was sampled by numerous rap acts. The
    song was also used in a campaign for Rold Gold Pretzels
    (featuring actor Jason Alexander) in the mid 1990s. Janice
    Marie Johnson, a member of the group, recorded another version
    of the song in 2001.</p>
    <p>G.Q. also released its own version of the song in 1979.</p>
  </descr>
</top-song>
