<top-song xmlns="http://marklogic.com/MLU/top-songs">
  <!--Copyright (c) 2010 Mark Logic Corporation. Permission is
granted to copy, distribute and/or modify this document under the terms of the
GNU Free Documentation License, Version 1.2 or any later version published by
the Free Software Foundation; with no Invariant Sections, no Front-Cover Texts,
and no Back-Cover Texts. A copy of the license is included in the section 
entitled "GNU Free Documentation License." Content derived from 
http://en.wikipedia.org/wiki/Pistol_Packin%27_Mama 

Modified in February 2010 by Mark Logic Corporation under the terms of the 
GNU Free Documentation License.-->
  <title href="http://en.wikipedia.org/wiki/Pistol_Packin%27_Mama" xmlns:ts="http://marklogic.com/MLU/top-songs">Pistol Packin' Mama</title>
  <artist href="http://en.wikipedia.org/wiki/Al_Dexter" xmlns:ts="http://marklogic.com/MLU/top-songs">Al Dexter</artist>
  <weeks last="1943-10-30">
    <week>1943-10-30</week>
  </weeks>
  <descr>
    <p>"Pistol Packin' Mama" is a 1943 song. The song is notable in
    that it was the first number one on the Juke Box Folk Records
    chart, which would later be known as the Hot Country Songs
    chart. The version performed by Bing Crosby and The Andrews
    Sisters would be first number on the Juke Box Folk records
    charts followed by the version performed by Al Dexter . The
    B-side of the Al Dexter version of "Pistol Packin' Mama, a song
    entitled, "Rosalita" would hit number one on the same chart
    later in the year.</p>
  </descr>
</top-song>
