<top-song xmlns="http://marklogic.com/MLU/top-songs">
  <!--Copyright (c) 2010 Mark Logic Corporation. Permission is
granted to copy, distribute and/or modify this document under the terms of the
GNU Free Documentation License, Version 1.2 or any later version published by
the Free Software Foundation; with no Invariant Sections, no Front-Cover Texts,
and no Back-Cover Texts. A copy of the license is included in the section 
entitled "GNU Free Documentation License." Content derived from 
http://en.wikipedia.org/wiki/Let%27s_Stay_Together_(song) 

Modified in February 2010 by Mark Logic Corporation under the terms of the 
GNU Free Documentation License.-->
  <title href="http://en.wikipedia.org/wiki/Let%27s_Stay_Together_(song)" xmlns:ts="http://marklogic.com/MLU/top-songs">Let's Stay Together</title>
  <artist href="http://en.wikipedia.org/wiki/Al_Green_(musician)" xmlns:ts="http://marklogic.com/MLU/top-songs">Al Green</artist>
  <weeks last="1972-02-12">
    <week>1972-02-12</week>
  </weeks>
  <album url="http://upload.wikimedia.org/wikipedia/en/thumb/e/ea/Al_Green_-_How_Can_You_Mend_A_Broken_Heart_%2812Inch%29_%281979%29.Front.jpg/200px-Al_Green_-_How_Can_You_Mend_A_Broken_Heart_%2812Inch%29_%281979%29.Front.jpg" uri="/images/Al-Green+Let-s-Stay-Together.jpg">Let's Stay
  Together</album>
  <released>1971</released>
  <formats>
    <format>CD single</format>
    <format>Digital download</format>
    <format>vinyl</format>
    <format>Cassette</format>
  </formats>
  <recorded>1971</recorded>
  <genres>
    <genre>Pop</genre>
    <genre>Rock</genre>
    <genre>R&amp;B</genre>
  </genres>
  <lengths>
    <length>3:16 4:50 (full version)</length>
  </lengths>
  <label>Hi Records , Hi-2202</label>
  <writers>
    <writer>Al Green</writer>
    <writer>Willie Mitchell</writer>
    <writer>Al Jackson Jr.</writer>
  </writers>
  <producers>
    <producer>Al Green</producer>
    <producer>Willie Mitchell</producer>
  </producers>
  <descr>
    <p>"Let's Stay Together" is a song by Al Green on his 1972
    album of the same name. Released as a single in 1971, the song
    reached #1 on the Billboard Hot 100, and remained on the chart
    for 16 weeks and also topped Billboard's R&amp;B chart for nine
    weeks. It was ranked the 60th greatest song of all time by 
    <i>Rolling Stone</i>magazine on their list of the 500 Greatest
    Songs of All Time.</p>
    <p>"Let's Stay Together" was later covered by Tina Turner, her
    second collaboration with the British Heaven 17/B.E.F.
    production team after "Ball of Confusion" in 1982, and served
    as her comeback single in late 1983, charting at number six in
    the UK (one place higher than Al Green's original - and her
    third UK Top 10 single, the first being "River Deep, Mountain
    High" and second being "Nutbush City Limits", (both with former
    husband Ike Turner). Tina Turner's version peaked at number 26
    on The Billboard Hot 100 and number three on the soul singles
    chart.. In addition, Turner's version of the song made it to
    number one on the US Dance Chart.. The song became a turning
    point in Turner's solo career and was later included on her
    multi-platinum selling album 
    <i>Private Dancer</i>, released in the Spring of 1984.</p>
    <p>Versions and mixes (Tina Turner version)</p>
    <p>"Let's Stay Together" has also been covered by Margie Joseph
    (who had also recorded in Memphis contemporaneous to Green, but
    offered a Philly-inspired version produced by Arif Mardin),
    Roberta Flack, Michael Bolton, Donny Osmond, Jimmy Smith,
    Michelle Williams, Boyz II Men, Big Mountain, Issac Hayes,
    Robin Thicke, Brian Kennedy, as well as by At Last on the first
    season of 
    <i>America's Got Talent</i>, who performed it a cappella. It
    has also been covered by soul singer Lemar. Shirley Bassey
    covered the song on her 1995 album Sings the Movies. An
    instrumental version very close to the Al Green original was
    recorded by The Memphis Horns. The song has been performed on 
    <i>American Idol</i>by Justin Guarini, Trenyce, Leah LaBelle,
    and Joseph Murena. Australian Soul singer, Guy Sebastian
    recorded a cover version on his 
    <i>The Memphis Album</i>. UK R&amp;B artist Craig David covers
    his very own version of the song on his album "Signed Sealed
    Delivered"</p>
    <p>The song was used in the 1994 Quentin Tarantino film 
    <i>Pulp Fiction</i>.</p>
  </descr>
</top-song>
