<top-song xmlns="http://marklogic.com/MLU/top-songs">
  <!--Copyright (c) 2010 Mark Logic Corporation. Permission is
granted to copy, distribute and/or modify this document under the terms of the
GNU Free Documentation License, Version 1.2 or any later version published by
the Free Software Foundation; with no Invariant Sections, no Front-Cover Texts,
and no Back-Cover Texts. A copy of the license is included in the section 
entitled "GNU Free Documentation License." Content derived from 
http://en.wikipedia.org/wiki/Show_and_Tell_(song) 

Modified in February 2010 by Mark Logic Corporation under the terms of the 
GNU Free Documentation License.-->
  <title href="http://en.wikipedia.org/wiki/Show_and_Tell_(song)" xmlns:ts="http://marklogic.com/MLU/top-songs">Show and Tell</title>
  <artist href="http://en.wikipedia.org/wiki/Al_Wilson_(singer)" xmlns:ts="http://marklogic.com/MLU/top-songs">Al Wilson</artist>
  <weeks last="1974-01-19">
    <week>1974-01-19</week>
  </weeks>
  <descr>
    <p>"Show and Tell" is a popular song written by Jerry Fuller
    and first recorded by Johnny Mathis in 1972. A 1973 recording
    of the song by Al Wilson reached number one on the Billboard
    Hot 100 for one week on January 19, 1974, which sold over two
    million copies and was named a Cashbox Magazine Number One
    Single of the Year. Wilson's version also made number ten on
    the Hot Soul Singles chart. Peabo Bryson had a number one
    R&amp;B hit with his version of the song in 1989. Bryson's
    version did not chart on the Hot 100.</p>
    <p>The song is often played by Paul Schaffer and The CBS
    Orchestra on 
    <i>The Late Show with David Letterman</i>for the segment "Show
    &amp; Tell".</p>
    
  </descr>
</top-song>
