<top-song xmlns="http://marklogic.com/MLU/top-songs">
  <!--Copyright (c) 2010 Mark Logic Corporation. Permission is
granted to copy, distribute and/or modify this document under the terms of the
GNU Free Documentation License, Version 1.2 or any later version published by
the Free Software Foundation; with no Invariant Sections, no Front-Cover Texts,
and no Back-Cover Texts. A copy of the license is included in the section 
entitled "GNU Free Documentation License." Content derived from 
http://en.wikipedia.org/wiki/I_Knew_You_Were_Waiting_(for_Me) 

Modified in February 2010 by Mark Logic Corporation under the terms of the 
GNU Free Documentation License.-->
  <title href="http://en.wikipedia.org/wiki/I_Knew_You_Were_Waiting_(for_Me)" xmlns:ts="http://marklogic.com/MLU/top-songs">I Knew You Were Waiting (for Me)</title>
  <artist href="http://en.wikipedia.org/wiki/Aretha_Franklin" xmlns:ts="http://marklogic.com/MLU/top-songs">Aretha Franklin and George Michael</artist>
  <weeks last="1987-04-25">
    <week>1987-04-18</week>
    <week>1987-04-25</week>
  </weeks>
  <album url="http://upload.wikimedia.org/wikipedia/en/thumb/3/3f/IKYWWFM.jpg/200px-IKYWWFM.jpg" uri="/images/Aretha-Franklin-and-George-Michael+I-Knew-You-Were-Waiting-for-Me.jpg">
  Aretha</album>
  <released>1987</released>
  <formats>
    <format>7" single</format>
    <format>CD single</format>
  </formats>
  <recorded>1986</recorded>
  <genres>
    <genre>R&amp;B / Pop</genre>
  </genres>
  <label>Arista</label>
  <writers>
    <writer>Simon Climie</writer>
    <writer>Dennis Morgan</writer>
  </writers>
  <producers>
    <producer>Narada Michael Walden</producer>
  </producers>
  <descr>
    <p>"I Knew You Were Waiting (For Me)" was a song performed by
    Aretha Franklin and George Michael in a duet in 1987. It was
    written by Simon Climie and Dennis Morgan.</p>
    <p>The song was a one-off project that helped Michael achieve
    his ambition to sing with one of his favourite artists, and it
    reached number one in both the 
    <i>UK Singles Chart</i>and 
    <i>Billboard'</i>s Hot 100. The song was, remarkably,
    Franklin's first and only UK number-one hit, and only her
    fourth top ten achievement in the country since "I Say a Little
    Prayer", nearly two decades earlier. This was also the last of
    Franklin's eighteen Top 10 hits in the 
    <i>Billboard</i>Hot 100.</p>
    <p>For Michael, it became his third consecutive number-one in
    the UK since going solo, following 1984's "Careless Whisper"
    (though the single was actually from the Wham! album 
    <i>Make It Big</i>) and 1986's "A Different Corner". However,
    as the song was a duet, he was not afforded the same status or
    level of congratulation as Gerry &amp; The Pacemakers or
    Frankie Goes to Hollywood, the only two artists to have
    previously achieved number one with their first three releases.
    Michael's previous success (with Wham!, which included four
    number-ones) was also a factor in watering down the
    achievement.</p>
    <p>The single was the first Michael had recorded (as a lead
    artist) which he had not written himself. The co-writer, Simon
    Climie, was unknown at the time, although he later had success
    as a performer with Climie Fisher in 1988.</p>
    <p>The continuous run of UK chart-toppers ended for Michael
    thereafter, with his next number-one coming in 1991 - again as
    part of a duet (this time with Elton John) - while his next
    entirely solo number-one in the UK didn't appear until
    1996.</p>
    <p>On the U.S. Billboard Hot 100, "I Knew You Were Waiting (For
    Me)" debuted at #59, the week of February 21, 1987, reaching #1
    in its ninth week, April 18, 1987, and remaining there for two
    consecutive weeks.</p>
    <p>A live version of the song was featured on the Bucks Fizz
    album 
    <i>Live at Fairfield Halls</i>in 1991. A cover of "I Knew You
    Were Waiting (For Me)" was recorded in 2001 by Hear'Say as the
    B-side to their single "Everybody". Also Michael McDonald
    covered it in 2008 on his album 
    <i>Soul Speak</i>. Simon Climie had co-written the song and
    also produced it.</p>
    <p>
      <span style="white-space:nowrap">"Careless
      Whisper" ·</span>
      <span style="white-space:nowrap">"A Different
      Corner" ·</span>
      <span style="white-space:nowrap">"I Want Your
      Sex" ·</span>
      <span style="white-space:nowrap">"Hard Day" ·</span>
      <span style="white-space:nowrap">"Faith" ·</span>
      <span style="white-space:nowrap">"Father
      Figure" ·</span>
      <span style="white-space:nowrap">"One More Try" ·</span>
      <span style="white-space:nowrap">"Monkey" ·</span>
      <span style="white-space:nowrap">"Kissing a
      Fool" ·</span>
      <span style="white-space:nowrap">"Praying for
      Time" ·</span>
      <span style="white-space:nowrap">"Waiting for That
      Day" ·</span>
      <span style="white-space:nowrap">"Mother's
      Pride" ·</span>
      <span style="white-space:nowrap">"Freedom! '90" ·</span>
      <span style="white-space:nowrap">"Heal the
      Pain" ·</span>
      <span style="white-space:nowrap">"Cowboys and
      Angels" ·</span>
      <span style="white-space:nowrap">"Too Funky" ·</span>
      <span style="white-space:nowrap">"Killer" / "Papa Was a
      Rollin' Stone" ·</span>
      <span style="white-space:nowrap">"Jesus to a
      Child" ·</span>
      <span style="white-space:nowrap">"Fastlove" ·</span>
      <span style="white-space:nowrap">"Spinning the
      Wheel" ·</span>
      <span style="white-space:nowrap">"Older / I Can't Make You
      Love Me" ·</span>
      <span style="white-space:nowrap">"Star People
      '97" ·</span>
      <span style="white-space:nowrap">"You Have Been Loved / The
      Strangest Thing '97" ·</span>
      <span style="white-space:nowrap">"Outside" ·</span>
      <span style="white-space:nowrap">"Freeek!" ·</span>
      <span style="white-space:nowrap">"Shoot the
      Dog" ·</span>
      <span style="white-space:nowrap">"Amazing" ·</span>
      <span style="white-space:nowrap">"Flawless (Go to the
      City)" ·</span>
      <span style="white-space:nowrap">"Round Here" ·</span>
      <span style="white-space:nowrap">"John and Elvis Are
      Dead" ·</span>
      <span style="white-space:nowrap">"An Easier
      Affair" ·</span>
      <span style="white-space:nowrap">"December Song (I Dreamed of
      Christmas)"</span>
    </p>
  </descr>
</top-song>
