<top-song xmlns="http://marklogic.com/MLU/top-songs">
  <!--Copyright (c) 2010 Mark Logic Corporation. Permission is
granted to copy, distribute and/or modify this document under the terms of the
GNU Free Documentation License, Version 1.2 or any later version published by
the Free Software Foundation; with no Invariant Sections, no Front-Cover Texts,
and no Back-Cover Texts. A copy of the license is included in the section 
entitled "GNU Free Documentation License." Content derived from 
http://en.wikipedia.org/wiki/Mam%27selle 

Modified in February 2010 by Mark Logic Corporation under the terms of the 
GNU Free Documentation License.-->
  <title href="http://en.wikipedia.org/wiki/Mam%27selle" xmlns:ts="http://marklogic.com/MLU/top-songs">Mam'selle</title>
  <artist href="http://en.wikipedia.org/wiki/Art_Lund" xmlns:ts="http://marklogic.com/MLU/top-songs">Art Lund</artist>
  <weeks last="1947-06-07">
    <week>1947-06-07</week>
  </weeks>
  <descr>
    <p>"Mam'selle" is a bittersweet song about a 
    <i>rendez-vous</i>with a "mam'selle" (
    <i>mademoiselle</i>) in a small café. The music was written by
    Edmund Goulding, the lyrics by Mack Gordon.</p>
    <p>The song originally appeared in the movie, "The Razor's
    Edge," with Tyrone Power in 1947.</p>
    <p>Five versions of the song became top ten hits in 1947: by
    Art Lund, by Dick Haymes, by Frank Sinatra, by Dennis Day, and
    by The Pied Pipers. Frankie Laine had a hit jazz version,
    renowned for its vibe solo by Lou Singer.</p>
    <p>The Art Lund recording was recorded on February 20, 1947 and
    released by MGM Records as catalog number 10011. The record
    first reached the Billboard magazine charts on April 11, 1947
    and lasted 11 weeks on the chart, peaking at #1.</p>
    <p>The Dick Haymes recording was recorded on March 6, 1947 and
    released by Decca Records as catalog number 23861. The record
    first reached the Billboard magazine charts on April 25, 1947
    and lasted 8 weeks on the chart, peaking at #4.</p>
    <p>The Frank Sinatra recording was recorded on March 11, 1947
    and released by Columbia Records as catalog number 37343. The
    record first reached the Billboard magazine charts on May 9,
    1947 and lasted 4 weeks on the chart, peaking at #6.</p>
    <p>The Dennis Day recording was released by RCA Victor Records
    as catalog number 20-2211. The record first reached the
    Billboard magazine charts on April 25, 1947 and lasted 5 weeks
    on the chart, peaking at #8.</p>
    <p>The Pied Pipers recording was recorded on March 14, 1947 and
    released by Capitol Records as catalog number 396. The record
    first reached the Billboard magazine charts on May 2, 1947 and
    lasted 4 weeks on the chart, peaking at #9.</p>
    <p>The Frankie Laine recording was recorded on March 28, 1947
    and released by Mercury Records as catalog number 5048.</p>
    <p>Barbershop Harmony Society 2006 quartet champion Vocal
    Spectrum recorded Tom Sando's arrangement of the song on their
    first CD.</p>
    
  </descr>
</top-song>
