<top-song xmlns="http://marklogic.com/MLU/top-songs">
  <!--Copyright (c) 2010 Mark Logic Corporation. Permission is
granted to copy, distribute and/or modify this document under the terms of the
GNU Free Documentation License, Version 1.2 or any later version published by
the Free Software Foundation; with no Invariant Sections, no Front-Cover Texts,
and no Back-Cover Texts. A copy of the license is included in the section 
entitled "GNU Free Documentation License." Content derived from 
http://en.wikipedia.org/wiki/Wind_Beneath_My_Wings 

Modified in February 2010 by Mark Logic Corporation under the terms of the 
GNU Free Documentation License.-->
  <title href="http://en.wikipedia.org/wiki/Wind_Beneath_My_Wings" xmlns:ts="http://marklogic.com/MLU/top-songs">Wind Beneath My Wings</title>
  <artist href="http://en.wikipedia.org/wiki/Bette_Midler" xmlns:ts="http://marklogic.com/MLU/top-songs">Bette Midler</artist>
  <weeks last="1989-06-10">
    <week>1989-06-10</week>
  </weeks>
  <album>Why Lady Why</album>
  <released>1983</released>
  <genres>
    <genre>Country</genre>
  </genres>
  <lengths>
    <length>4:40</length>
  </lengths>
  <label>Warner Bros.</label>
  <descr>
    <p>"Wind Beneath My Wings" is the title of a pop song written
    by Larry Henley and Jeff Silbar. First recorded in 1982 by
    Roger Whittaker, then a country music hit for Gary Morris in
    1983, it was covered six years later by Bette Midler. Morris'
    original was a Top Ten country hit, and it won the Academy of
    Country Music and Country Music Association Song of the Year
    awards that year. Midler's was a Number One Billboard Hot 100
    hit which also won her a Grammy Award in 1990.</p>
    <p>"Wind Beneath My Wings" was recorded by American country
    music artist Gary Morris on his 1983 album 
    <i>Why Lady Why</i>and released as the album's third single.
    Morris' version reached the Top 10 of the 
    <i>Billboard</i>Hot Country Singles chart. It was named Song of
    the Year by both the Academy of Country Music and the Country
    Music Association.</p>
    
    <p>"Wind Beneath My Wings" was performed by Bette Midler for
    the soundtrack of the film 
    <i>Beaches</i>and became a U.S. number-one single. It was named
    Record of the Year and Song of the Year at the Grammy Awards of
    1990.</p>
    <p>7": USA (Atlantic 7-88972) 7": UK (Atlantic A8972) 7": Japan
    (Atlantic PRS-2048) 3": Japan (Atlantic 09P3-6159)</p>
    <p>12": UK (Atlantic A8972T) 3": UK (Atlantic A8972CD)</p>
    <p>CDM: USA (Atlantic PR2615-2) Promo</p>
    <p>CDM: Germany (Atlantic 756785481-2)</p>
    <p>Note: Released in 1996</p>
    <p>The song has also been recorded by Lou Rawls, Sheena Easton,
    B.J. Thomas, Perry Como, Michael Ball, Steven Houghton, Lee
    Greenwood, Willie Nelson, Melinda Caroll, Kiki Carter, Nana
    Mouskouri, Sonata Arctica, Judy Collins, Colleen Hewett, Patti
    Labelle, Israel Kamakawiwo'ole, Kenny Rogers, Linzi
    Hateley,Lara Fabian and many others. It was performed by Peggy
    Lee in Atlantic City as early as 1984.</p>
    <p>Although the song has become primarily associated with Bette
    Midler, other versions of the song were released to the public
    years before Midler's. Roger Whittaker recorded the first
    version of the tune in 1982, releasing it in Canada on his
    "Wind Beneath My Wings" LP Tembo TMT-4321 and around the world
    on numerous other LPs, followed eventually by at least 26 CDs!
    This was later followed by Sheena Easton (on her album 
    <i>Madness, Money and Music</i>), though neither had a hit with
    the song. The song entered various U.S. charts the following
    year in versions by Gary Morris, Gladys Knight &amp; the Pips
    (their version was released under the title "Hero"), and Lou
    Rawls (whose version was a top ten Adult Contemporary hit).</p>
    <p>On the episode of 
    <i>Boy Meets World</i>, Morgan, Cory's sister covers the song
    on the Season 6's "Better Average Than Cory" in October
    1998.</p>
    <p>
      <span style="white-space:nowrap">"Nel blu dipinto di blu
      (Volare)" ·</span>
      <span style="white-space:nowrap">"Mack the
      Knife" ·</span>
      <span style="white-space:nowrap">"Theme from A Summer
      Place" ·</span>
      <span style="white-space:nowrap">"Moon River" ·</span>
      <span style="white-space:nowrap">"I Left My Heart in San
      Francisco" ·</span>
      <span style="white-space:nowrap">"Days of Wine and
      Roses" ·</span>
      <span style="white-space:nowrap">"The Girl from
      Ipanema" ·</span>
      <span style="white-space:nowrap">"A Taste of
      Honey" ·</span>
      <span style="white-space:nowrap">"Strangers in the
      Night" ·</span>
      <span style="white-space:nowrap">"Up, Up and
      Away" ·</span>
      <span style="white-space:nowrap">"Mrs. Robinson"</span>
    </p>
    <p>
      <span style="white-space:nowrap">"Aquarius/Let the Sunshine
      In" ·</span>
      <span style="white-space:nowrap">"Bridge over Troubled
      Water" ·</span>
      <span style="white-space:nowrap">"It's Too
      Late" ·</span>
      <span style="white-space:nowrap">"The First Time Ever I Saw
      Your Face" ·</span>
      <span style="white-space:nowrap">"Killing Me Softly with His
      Song" ·</span>
      <span style="white-space:nowrap">"I Honestly Love
      You" ·</span>
      <span style="white-space:nowrap">"Love Will Keep Us
      Together" ·</span>
      <span style="white-space:nowrap">"This
      Masquerade" ·</span>
      <span style="white-space:nowrap">"Hotel
      California" ·</span>
      <span style="white-space:nowrap">"Just the Way You
      Are"</span>
    </p>
    <p>
      <span style="white-space:nowrap">"What a Fool
      Believes" ·</span>
      <span style="white-space:nowrap">"Sailing" ·</span>
      <span style="white-space:nowrap">"Bette Davis
      Eyes" ·</span>
      <span style="white-space:nowrap">"Rosanna" ·</span>
      <span style="white-space:nowrap">"Beat It" ·</span>
      <span style="white-space:nowrap">"What's Love Got to Do with
      It" ·</span>
      <span style="white-space:nowrap">"We Are the
      World" ·</span>
      <span style="white-space:nowrap">"Higher Love" ·</span>
      <span style="white-space:nowrap">"Graceland" ·</span>
      <span style="white-space:nowrap">"Don't Worry, Be
      Happy"</span>
    </p>
    <p>
      <span style="white-space:nowrap">"
      <strong class="selflink">
Wind Beneath My Wings
</strong>" ·</span>
      <span style="white-space:nowrap">"Another Day in
      Paradise" ·</span>
      <span style="white-space:nowrap">
      "Unforgettable" ·</span>
      <span style="white-space:nowrap">"Tears in
      Heaven" ·</span>
      <span style="white-space:nowrap">"I Will Always Love
      You" ·</span>
      <span style="white-space:nowrap">"All I Wanna
      Do" ·</span>
      <span style="white-space:nowrap">"Kiss from a
      Rose" ·</span>
      <span style="white-space:nowrap">"Change the
      World" ·</span>
      <span style="white-space:nowrap">"Sunny Came
      Home" ·</span>
      <span style="white-space:nowrap">"My Heart Will Go On"</span>
    </p>
    <p>
      <span style="white-space:nowrap">"Smooth" ·</span>
      <span style="white-space:nowrap">"Beautiful
      Day" ·</span>
      <span style="white-space:nowrap">"Walk On" ·</span>
      <span style="white-space:nowrap">"Don't Know
      Why" ·</span>
      <span style="white-space:nowrap">"Clocks" ·</span>
      <span style="white-space:nowrap">"Here We Go
      Again" ·</span>
      <span style="white-space:nowrap">"Boulevard of Broken
      Dreams" ·</span>
      <span style="white-space:nowrap">"Not Ready to Make
      Nice" ·</span>
      <span style="white-space:nowrap">"Rehab" ·</span>
      <span style="white-space:nowrap">"Please Read the
      Letter"</span>
    </p>
    <p>
      <span style="white-space:nowrap">"Use Somebody"</span>
    </p>
  </descr>
</top-song>
