<top-song xmlns="http://marklogic.com/MLU/top-songs">
  <!--Copyright (c) 2010 Mark Logic Corporation. Permission is
granted to copy, distribute and/or modify this document under the terms of the
GNU Free Documentation License, Version 1.2 or any later version published by
the Free Software Foundation; with no Invariant Sections, no Front-Cover Texts,
and no Back-Cover Texts. A copy of the license is included in the section 
entitled "GNU Free Documentation License." Content derived from 
http://en.wikipedia.org/wiki/At_This_Moment 

Modified in February 2010 by Mark Logic Corporation under the terms of the 
GNU Free Documentation License.-->
  <title href="http://en.wikipedia.org/wiki/At_This_Moment" xmlns:ts="http://marklogic.com/MLU/top-songs">At This Moment</title>
  <artist href="http://en.wikipedia.org/wiki/Billy_Vera" xmlns:ts="http://marklogic.com/MLU/top-songs">Billy Vera and the Beaters</artist>
  <weeks last="1987-01-24">
    <week>1987-01-24</week>
  </weeks>
  <album>Billy and the Beaters / By Request: The Best of Billy Vera
  and the Beaters</album>
  <released>1981 / 1986</released>
  <recorded>January 1981 at the Roxy Theatre</recorded>
  <genres>
    <genre>Blues rock</genre>
    <genre>rock and roll</genre>
    <genre>jazz rock</genre>
  </genres>
  <lengths>
    <length>4:21</length>
  </lengths>
  <label>Alfa</label>
  <writers>
    <writer>Billy Vera</writer>
  </writers>
  <producers>
    <producer>Jeff Baxter</producer>
    <producer>Executive Producer : Lorne Saifer</producer>
  </producers>
  <descr>
    <p>"At This Moment" is a song that was first recorded by Billy
    Vera &amp; The Beaters in 1981 during a string of performances
    at the Roxy in West Hollywood (January 15-17) and featured on
    their self-titled live album, 
    <i>Billy and the Beaters</i>, released that same year.</p>
    <p>When it was originally released as a single, the song
    stalled on the Billboard Hot 100 chart at #79. However, the
    song was included on an episode of the NBC sitcom 
    <i>Family Ties</i>during the 1985-86 season, where it was the
    love song associated with Alex P. Keaton (played by Michael J.
    Fox) and his girlfriend Ellen Reed (played by Tracy Pollan,
    whom Fox eventually married in real-life) on the show, and this
    renewed interest in the song. "At This Moment" began a revived
    chart run, eventually peaking at #1 on both the Hot 100 and
    adult contemporary charts in late January 1987. The song also
    crossed over to the country format, peaking at #42 on the
    country singles chart.</p>
    <p>A cover version was recorded by country music singer Neal
    McCoy on his 1990 debut album, also titled 
    <i>At This Moment</i>. McCoy's version was released as a
    single, although it did not chart. Another cover version of the
    song appears on Michael Bublé's 2009 album, 
    <i>Crazy Love</i>.</p>
  </descr>
</top-song>
