<top-song xmlns="http://marklogic.com/MLU/top-songs">
  <!--Copyright (c) 2010 Mark Logic Corporation. Permission is
granted to copy, distribute and/or modify this document under the terms of the
GNU Free Documentation License, Version 1.2 or any later version published by
the Free Software Foundation; with no Invariant Sections, no Front-Cover Texts,
and no Back-Cover Texts. A copy of the license is included in the section 
entitled "GNU Free Documentation License." Content derived from 
http://en.wikipedia.org/wiki/There%27ll_Be_Sad_Songs_(To_Make_You_Cry) 

Modified in February 2010 by Mark Logic Corporation under the terms of the 
GNU Free Documentation License.-->
  <title href="http://en.wikipedia.org/wiki/There%27ll_Be_Sad_Songs_(To_Make_You_Cry)" xmlns:ts="http://marklogic.com/MLU/top-songs">There'll Be Sad Songs (To Make You Cry)</title>
  <artist href="http://en.wikipedia.org/wiki/Billy_Ocean" xmlns:ts="http://marklogic.com/MLU/top-songs">Billy Ocean</artist>
  <weeks last="1986-07-05">
    <week>1986-07-05</week>
  </weeks>
  <descr>
    <p>"There'll Be Sad Songs (To Make You Cry)" is a 1986 single
    by Billy Ocean. The song was written and produced by Wayne
    Brathwaite and Barry Eastmond; Ocean was also credited as a
    co-writer for the song. It appears on Ocean's 1986 album 
    <i>Love Zone</i>, which was released on Jive Records. The song
    went to number one on the Billboard Hot 100 chart for the week
    beginning July 5, 1986, where it remained for one week. It also
    topped the adult contemporary and R&amp;B charts in the United
    States that same summer.</p>
    <p>
    <i>The Billboard Book of Top 40 Hits</i>, 6th Edition, 1996</p>
  </descr>
</top-song>
