<top-song xmlns="http://marklogic.com/MLU/top-songs">
  <!--Copyright (c) 2010 Mark Logic Corporation. Permission is
granted to copy, distribute and/or modify this document under the terms of the
GNU Free Documentation License, Version 1.2 or any later version published by
the Free Software Foundation; with no Invariant Sections, no Front-Cover Texts,
and no Back-Cover Texts. A copy of the license is included in the section 
entitled "GNU Free Documentation License." Content derived from 
http://en.wikipedia.org/wiki/Me_and_Mrs._Jones 

Modified in February 2010 by Mark Logic Corporation under the terms of the 
GNU Free Documentation License.-->
  <title href="http://en.wikipedia.org/wiki/Me_and_Mrs._Jones" xmlns:ts="http://marklogic.com/MLU/top-songs">Me and Mrs. Jones</title>
  <artist href="http://en.wikipedia.org/wiki/Billy_Paul" xmlns:ts="http://marklogic.com/MLU/top-songs">Billy Paul</artist>
  <weeks last="1972-12-30">
    <week>1972-12-16</week>
    <week>1972-12-23</week>
    <week>1972-12-30</week>
  </weeks>
  <album url="http://upload.wikimedia.org/wikipedia/en/thumb/c/c4/MeandMrsJones45.jpg/200px-MeandMrsJones45.jpg" uri="/images/Billy-Paul+Me-and-Mrs-Jones.jpg">360 Degrees of
  Billy Paul</album>
  <released>1972</released>
  <formats>
    <format>7" 45 RPM</format>
  </formats>
  <genres>
    <genre>R&amp;B</genre>
  </genres>
  <lengths>
    <length>4:42</length>
  </lengths>
  <label>Philadelphia International</label>
  <writers>
    <writer>Kenny Gamble</writer>
    <writer>Leon Huff and Cary Gilbert</writer>
  </writers>
  <producers>
    <producer>Kenny Gamble</producer>
    <producer>Leon Huff</producer>
  </producers>
  <descr>
    <p>"Me and Mrs. Jones" was written by Kenny Gamble and Leon
    Huff. It describes an extramarital affair between a man and his
    lover, Mrs. Jones. It has been recorded by Billy Paul and
    Michael Bublé, amongst others.</p>
    <p>"Me and Mrs. Jones" was a number-one single originally
    performed by soul singer Billy Paul, recorded and released in
    1972 on CBS Records' Epic imprint. The single, included on the
    album 
    <i>360 Degrees of Billy Paul</i>, was written by Kenny Gamble
    and Leon Huff. It describes an extramarital affair between a
    man and his lover, Mrs. Jones.</p>
    <p>The single became Paul's only number-one single on the
    Billboard Hot 100, peaking at that position for three weeks in
    December 1972. "Me and Mrs. Jones" also achieved this feat on
    Billboard's R&amp;B Singles chart, remaining at the number-one
    position for four weeks. It replaced "I Am Woman" by Helen
    Reddy and was replaced by Carly Simon's "You're So Vain".</p>
    <p>"Me and Mrs. Jones" is the second single to be released off 
    <i>Call Me Irresponsible</i>, Michael Bublé's third album. The
    song was a collaboration between Bublé's then girlfriend, Emily
    Blunt appears at the end of the song, singing minor back
    vocals.</p>
    <p>"Me and Mrs. Jones" has been well-received by critics, with
    Okayplayer even stating</p>
    <p>Additionally, the song was promoted by its performance at
    AOL Sessions. It has additionally been played at many of his
    concerts promoting his new album.</p>
    <p>A music video was made for the song. It consists mainly of
    Bublé standing in front of a window singing the song. Some
    scenes show a woman, representing "Mrs. Jones". Some shots from
    the promotional videos of "Lost" were used (particularly the
    ones where he lies on a white bed).</p>
    <p>Since it is believed that the single was cancelled soon
    after its release (there was little to no promotion for the
    song), "Me and Mrs. Jones" was not eligible to chart in any
    major music charts. However, it did chart in Switzerland.</p>
    <p>A cover of the song was also a hit for the 1970s group The
    Dramatics. Their version peaked at #47 on the pop charts and #4
    on the R&amp;B charts in 1974.</p>
    <p>It has also been covered by Ten Wedge, Roy Meriwether, Andy
    Abraham, George Huff, Sandra Bernhard, Head, Sarah Jane Morris,
    Michael Bublé, Hall &amp; Oates, the experimental rock band Sun
    City Girls, Amii Stewart and the soul band Tower of Power.</p>
    <p>A remake of this song was recorded by Freddie Jackson in
    1992. Coolio recorded his own version on his album 
    <i>Gangsta's Paradise</i>, entitled "A Thing Goin' On".</p>
    <p>A German version, entitled 
    <i>Sie lässt mich nicht mehr los</i>, was published in 2003 by
    the German soul singer Stefan Gwildis.</p>
    <p>Bobby Brown sampled the song in his first #1 solo hit,
    "Girlfriend", in 1986.</p>
  </descr>
</top-song>
