<top-song xmlns="http://marklogic.com/MLU/top-songs">
  <!--Copyright (c) 2010 Mark Logic Corporation. Permission is
granted to copy, distribute and/or modify this document under the terms of the
GNU Free Documentation License, Version 1.2 or any later version published by
the Free Software Foundation; with no Invariant Sections, no Front-Cover Texts,
and no Back-Cover Texts. A copy of the license is included in the section 
entitled "GNU Free Documentation License." Content derived from 
http://en.wikipedia.org/wiki/It%27s_Still_Rock_and_Roll_to_Me 

Modified in February 2010 by Mark Logic Corporation under the terms of the 
GNU Free Documentation License.-->
  <title href="http://en.wikipedia.org/wiki/It%27s_Still_Rock_and_Roll_to_Me" xmlns:ts="http://marklogic.com/MLU/top-songs">It's Still Rock and Roll to Me</title>
  <artist href="http://en.wikipedia.org/wiki/Billy_Joel" xmlns:ts="http://marklogic.com/MLU/top-songs">Billy Joel</artist>
  <weeks last="1980-07-26">
    <week>1980-07-19</week>
    <week>1980-07-26</week>
  </weeks>
  <album url="http://upload.wikimedia.org/wikipedia/en/thumb/b/b6/ISRARTM.jpg/200px-ISRARTM.jpg" uri="/images/Billy-Joel+It-s-Still-Rock-and-Roll-to-Me.jpg">Glass
  Houses</album>
  <released>1980</released>
  <formats>
    <format>7" vinyl</format>
  </formats>
  <recorded>1979</recorded>
  <genres>
    <genre>Rock</genre>
  </genres>
  <lengths>
    <length>2:57</length>
  </lengths>
  <label>Columbia</label>
  <writers>
    <writer>Billy Joel</writer>
  </writers>
  <producers>
    <producer>Phil Ramone</producer>
  </producers>
  <descr>
    <p>"It's Still Rock and Roll to Me" is a hit 1980 song
    performed by Billy Joel, from the hit album 
    <i>Glass Houses</i>. The song was #1 on the Hot 100 charts for
    two weeks, from July 19 through August 1, 1980.</p>
    <p>The song is a cynical look at the music industry as a
    publicist/manager begs the protagonist (Joel) to remain hip for
    the younger crowd ("What's the matter with the car I'm driving?
    / "Can't you tell that it's out of style?"), and the
    protagonist's refusal to change, claiming his music will remain
    relevant regardless of his appearance. The song was a stab by
    Joel at the new music genres that were around in the early
    1980s (punk, funk, new wave) and uses a new wave sound. The
    music video depicted Joel mixing elements of new wave, punk,
    and funk as he records a music video. The single reached
    Platinum certification from the RIAA for sales in the U.S.</p>
    <p>"Weird Al" Yankovic did a parody of the song entitled "It's
    Still Billy Joel to Me." The song was released on the CD set, 
    <i>Dr. Demento's Basement Tapes</i>.</p>
    <p>The song appears on the game 
    <i>Karaoke Revolution Presents: American Idol Encore</i>.</p>
    <p>
      <span style="white-space:nowrap">
        <i>Cold Spring Harbor ·</i>
      </span>
      <i>
        <span style="white-space:nowrap">Piano Man ·</span>
        <span style="white-space:nowrap">Streetlife
        Serenade ·</span>
        <span style="white-space:nowrap">Turnstiles ·</span>
        <span style="white-space:nowrap">The Stranger ·</span>
        <span style="white-space:nowrap">52nd Street ·</span>
        <span style="white-space:nowrap">Glass Houses ·</span>
        <span style="white-space:nowrap">The Nylon
        Curtain ·</span>
        <span style="white-space:nowrap">An Innocent
        Man ·</span>
        <span style="white-space:nowrap">The Bridge ·</span>
        <span style="white-space:nowrap">Storm Front ·</span>
        <span style="white-space:nowrap">River of
        Dreams ·</span>
        <span style="white-space:nowrap">Fantasies &amp;
        Delusions</span>
      </i>
    </p>
    <p>
      <span style="white-space:nowrap">
        <i>Songs in the Attic ·</i>
      </span>
      <i>
        <span style="white-space:nowrap">KOHЦEPT ·</span>
        <span style="white-space:nowrap">2000 Years: The Millennium
        Concert ·</span>
        <span style="white-space:nowrap">12 Gardens Live</span>
      </i>
    </p>
    <p>
      <span style="white-space:nowrap">
        <i>Greatest Hits, Vols. 1-3 ·</i>
      </span>
      <i>
        <span style="white-space:nowrap">The Ultimate
        Collection ·</span>
        <span style="white-space:nowrap">The Essential Billy
        Joel ·</span>
        <span style="white-space:nowrap">Piano Man: The Very Best
        of Billy Joel ·</span>
        <span style="white-space:nowrap">My Lives</span>
      </i>
    </p>
    <p>
      <span style="white-space:nowrap">"Piano Man" ·</span>
      <span style="white-space:nowrap">"Worse Comes to
      Worst" ·</span>
      <span style="white-space:nowrap">"Travelin'
      Prayer" ·</span>
      <span style="white-space:nowrap">"The
      Entertainer" ·</span>
      <span style="white-space:nowrap">"New York State of
      Mind" ·</span>
      <span style="white-space:nowrap">"Just the Way You
      Are" ·</span>
      <span style="white-space:nowrap">"Movin' Out (Anthony's
      Song)" ·</span>
      <span style="white-space:nowrap">"Only the Good Die
      Young" ·</span>
      <span style="white-space:nowrap">"She's Always a
      Woman" ·</span>
      <span style="white-space:nowrap">"The Stranger" ·</span>
      <span style="white-space:nowrap">"My Life" ·</span>
      <span style="white-space:nowrap">"Big Shot" ·</span>
      <span style="white-space:nowrap">"Honesty" ·</span>
      <span style="white-space:nowrap">"Until the
      Night" ·</span>
      <span style="white-space:nowrap">"All for
      Leyna" ·</span>
      <span style="white-space:nowrap">"You May Be
      Right" ·</span>
      <span style="white-space:nowrap">"
      <strong class="selflink">
It's Still Rock and Roll to Me
</strong>" ·</span>
      <span style="white-space:nowrap">"Don't Ask Me
      Why" ·</span>
      <span style="white-space:nowrap">"Sometimes a
      Fantasy" ·</span>
      <span style="white-space:nowrap">"Say Goodbye to Hollywood"
      (Live) ·</span>
      <span style="white-space:nowrap">"She's Got a Way"
      (Live) ·</span>
      <span style="white-space:nowrap">"Pressure" ·</span>
      <span style="white-space:nowrap">"Allentown" ·</span>
      <span style="white-space:nowrap">"Goodnight
      Saigon" ·</span>
      <span style="white-space:nowrap">"Tell Her About
      It" ·</span>
      <span style="white-space:nowrap">"Uptown Girl" ·</span>
      <span style="white-space:nowrap">"An Innocent
      Man" ·</span>
      <span style="white-space:nowrap">"The Longest
      Time" ·</span>
      <span style="white-space:nowrap">"Leave a Tender Moment
      Alone" ·</span>
      <span style="white-space:nowrap">"This Night" ·</span>
      <span style="white-space:nowrap">"Keeping the
      Faith" ·</span>
      <span style="white-space:nowrap">"You're Only Human (Second
      Wind)" ·</span>
      <span style="white-space:nowrap">"The Night Is Still
      Young" ·</span>
      <span style="white-space:nowrap">"Modern Woman" ·</span>
      <span style="white-space:nowrap">"A Matter of
      Trust" ·</span>
      <span style="white-space:nowrap">"Baby Grand" ·</span>
      <span style="white-space:nowrap">"This Is the
      Time" ·</span>
      <span style="white-space:nowrap">"We Didn't Start the
      Fire" ·</span>
      <span style="white-space:nowrap">"Leningrad" ·</span>
      <span style="white-space:nowrap">"I Go to
      Extremes" ·</span>
      <span style="white-space:nowrap">"And So It
      Goes" ·</span>
      <span style="white-space:nowrap">"That's Not Her
      Style" ·</span>
      <span style="white-space:nowrap">"The Downeaster
      'Alexa'" ·</span>
      <span style="white-space:nowrap">"Shameless" ·</span>
      <span style="white-space:nowrap">"All Shook Up" ·</span>
      <span style="white-space:nowrap">"The River of
      Dreams" ·</span>
      <span style="white-space:nowrap">"All About
      Soul" ·</span>
      <span style="white-space:nowrap">"No Man's
      Land" ·</span>
      <span style="white-space:nowrap">"Lullabye (Goodnight, My
      Angel)" ·</span>
      <span style="white-space:nowrap">"To Make You Feel My
      Love" ·</span>
      <span style="white-space:nowrap">"Hey Girl" ·</span>
      <span style="white-space:nowrap">"All My Life" ·</span>
      <span style="white-space:nowrap">"Christmas in
      Fallujah"</span>
    </p>
    <p>
      <span style="white-space:nowrap">Discography ·</span>
      <span style="white-space:nowrap">
        <i>Movin' Out</i>
      </span>
    </p>
  </descr>
</top-song>
