<top-song xmlns="http://marklogic.com/MLU/top-songs">
  <!--Copyright (c) 2010 Mark Logic Corporation. Permission is
granted to copy, distribute and/or modify this document under the terms of the
GNU Free Documentation License, Version 1.2 or any later version published by
the Free Software Foundation; with no Invariant Sections, no Front-Cover Texts,
and no Back-Cover Texts. A copy of the license is included in the section 
entitled "GNU Free Documentation License." Content derived from 
http://en.wikipedia.org/wiki/No_Diggity 

Modified in February 2010 by Mark Logic Corporation under the terms of the 
GNU Free Documentation License.-->
  <title href="http://en.wikipedia.org/wiki/No_Diggity" xmlns:ts="http://marklogic.com/MLU/top-songs">No Diggity</title>
  <artist href="http://en.wikipedia.org/wiki/BLACKstreet" xmlns:ts="http://marklogic.com/MLU/top-songs">BLACKstreet featuring Dr. Dre</artist>
  <weeks last="1996-11-30">
    <week>1996-11-09</week>
    <week>1996-11-16</week>
    <week>1996-11-23</week>
    <week>1996-11-30</week>
  </weeks>
  <album url="http://upload.wikimedia.org/wikipedia/en/thumb/b/bc/No_Diggity.jpg/200px-No_Diggity.jpg" uri="/images/BLACKstreet-featuring-Dr-Dre+No-Diggity.jpg">Another
  Level</album>
  <released>October 1, 1996/1997</released>
  <formats>
    <format>12-inch single</format>
    <format>CD5</format>
  </formats>
  <recorded>1996</recorded>
  <genres>
    <genre>R&amp;B</genre>
  </genres>
  <lengths>
    <length>5:03</length>
  </lengths>
  <label>Interscope , 069495003-2</label>
  <writers>
    <writer>Andre Young/ Chauncey Hannibal / Teddy Riley /William
    Stewart/Lynise Walters/Richard Vick/ Bill Withers</writer>
  </writers>
  <producers>
    <producer>Teddy Riley and Skylz</producer>
  </producers>
  <descr>
    <p>"No Diggity" is a song by American R&amp;B group Blackstreet
    featuring Dr. Dre and Queen Pen. It reached #1 on the Billboard
    Hot 100 and #9 in the UK. It ranked at #91 on 
    <i>Rolling Stone and MTV: 100 Greatest Pop Songs</i>. It sold
    1.6 million copies in 1996, and won the 1998 Grammy Award for
    Best R&amp;B Performance by a Duo or Group with Vocals and was
    nominated for Best R&amp;B Song. It ranked at #32 on 
    <i>VH1's 100 Greatest Songs of the '90s</i>.</p>
    <p>Between BLACKstreet's sung verses are rap verses performed
    by Dre, Teddy Riley and Queen Pen, in that order, as well as
    backing vocals from Shaquana Elam. Despite the fact that some
    of Dr. Dre &amp; Queen Pen's lyrics are censored, there are no
    "dirty" versions of the song.</p>
    <p>The song's hook is an altered sample from the beginning of
    "Grandma's Hands" by R&amp;B hitmaker Bill Withers.</p>
    <p>The official remix of the song is a cover to the pop artist
    Michael Jackson's "Billie Jean", it's later became a
    tribute.</p>
    <p>The video is directed by Hype Williams and features said
    artists in front of a beachhouse standing in the sand, dancers
    in a wet road surrounded by black limousines, and a marionette
    resembling former Nike spokesman Lil' Penny playing the piano
    sample in a club. It was nominated for Best R&amp;B Video and
    Best Rap Video on 1997's MTV Video Music Awards. Video
    production and casting was handled in house by Future Recording
    Studios manager Tony Brown who also worked closely with
    puppeteers to develop marionettes of Teddy Riley and Chauncey
    Black.</p>
    <p>On November 9, 1996, "No Diggity" overtook "Macarena" for
    the Billboard 100 Single's number one spot. Also, the term
    "I'll go Blackstreet on your ass", which is credited to
    Chauncey "Black as the street" Black began to appear in
    American slang as an expression of one's desire to "throw down"
    or initiate a confrontation.</p>
    <p>Published by Donrill Music/Zomba Enterprises, Inc.
    (ASCAP/Chauncey Black Music for Smokin' Sounds [ASCAP]/Queenpen
    Music (ASCAP)/Sidi Music (BMI)/Sony Songs Inc./Ain't Nothin'
    Goin' On But Fuckin' (ASCAP)</p>
    <p>Track recorded by George Mayers, John Hanes, Serban Genea
    and Sean Poland for Future Recording Studios, Virginia Beach,
    VA. Track mastered by Herb Powers at Hit Factory, New York,
    NY.</p>
    <p>Queen Pen appears courtesy of Funky Mama
    Productions/Interscope Records. Dr. Dre appears courtesy of
    Aftermath Entertainment.</p>
    <p>Track contains portions of "Grandma's Hands" written by Bill
    Withers and published by Interior Music Corp./Avant Garde Music
    Publishing, Inc. (BMI); performed by Bill Withers, used
    courtesy of Sony Music Entertainment</p>
    <p>"Billie Jean" written by Michael Jackson.</p>
  </descr>
</top-song>
