<top-song xmlns="http://marklogic.com/MLU/top-songs">
  <!--Copyright (c) 2010 Mark Logic Corporation. Permission is
granted to copy, distribute and/or modify this document under the terms of the
GNU Free Documentation License, Version 1.2 or any later version published by
the Free Software Foundation; with no Invariant Sections, no Front-Cover Texts,
and no Back-Cover Texts. A copy of the license is included in the section 
entitled "GNU Free Documentation License." Content derived from 
http://en.wikipedia.org/wiki/End_of_the_Road 

Modified in February 2010 by Mark Logic Corporation under the terms of the 
GNU Free Documentation License.-->
  <title href="http://en.wikipedia.org/wiki/End_of_the_Road" xmlns:ts="http://marklogic.com/MLU/top-songs">End of the Road</title>
  <artist href="http://en.wikipedia.org/wiki/Boyz_II_Men" xmlns:ts="http://marklogic.com/MLU/top-songs">Boyz II Men</artist>
  <weeks last="1992-11-07">
    <week>1992-08-15</week>
    <week>1992-08-22</week>
    <week>1992-08-29</week>
    <week>1992-09-05</week>
    <week>1992-09-12</week>
    <week>1992-09-19</week>
    <week>1992-09-26</week>
    <week>1992-10-03</week>
    <week>1992-10-10</week>
    <week>1992-10-17</week>
    <week>1992-10-24</week>
    <week>1992-10-31</week>
    <week>1992-11-07</week>
  </weeks>
  <album url="http://upload.wikimedia.org/wikipedia/en/thumb/2/21/BoyzIIMen_EndoftheRoad.jpg/200px-BoyzIIMen_EndoftheRoad.jpg" uri="/images/Boyz-II-Men+End-of-the-Road.jpg">Boomerang Original
  Soundtrack and Cooleyhighharmony (1993 re-release)</album>
  <released>June 30, 1992</released>
  <formats>
    <format>CD single</format>
    <format>CD maxi</format>
    <format>7" single</format>
  </formats>
  <recorded>June 1992 in Philadelphia, PA</recorded>
  <genres>
    <genre>R&amp;B</genre>
  </genres>
  <lengths>
    <length>5:48</length>
  </lengths>
  <label>Motown</label>
  <writers>
    <writer>Kenneth "Babyface" Edmonds</writer>
    <writer>Antonio "L.A." Reid</writer>
    <writer>Daryl Simmons</writer>
  </writers>
  <producers>
    <producer>Kenneth "Babyface" Edmonds</producer>
    <producer>Antonio "L.A." Reid</producer>
    <producer>Daryl Simmons</producer>
  </producers>
  <descr>
    <p>"End of the Road" is a 1992 number-one song recorded in June
    1992 by Boyz II Men for the Motown label. Written and produced
    by Kenneth "Babyface" Edmonds, Antonio "L.A." Reid and Daryl
    Simmons. It is Boyz II Men's most successful single and
    replaced The Jackson 5's "I'll Be There" as Motown's most
    successful single. It was the last Motown single to reach #1 on
    the UK singles chart. The song is listed at #43 on 
    <i>Billboard's All Time Top 100'.</i></p>
    <p>Originally recorded as a soundtrack song for the Eddie
    Murphy picture 
    <i>Boomerang</i>, the song (themed about a breakup where the
    man really doesn't want the woman to go) topped the charts from
    August 15 through November 7, 1992, setting a record for most
    weeks at number one with 13 weeks, beating Elvis Presley's
    11-week hold with "Hound Dog" / "Don't Be Cruel". Presley's
    record had stood 36 years.</p>
    <p>However, two weeks after "End of the Road" left the top
    spot, Whitney Houston's "I Will Always Love You" reached number
    one, and remained there 14 weeks, one week longer than "End of
    the Road." Boyz II Men's new record stood only 17 weeks. The
    group's next single ("I'll Make Love to You"), however, would
    tie Houston's record, and 1995's Boyz II Men/Mariah Carey
    collaboration "One Sweet Day" would break it, logging 16
    consecutive weeks.</p>
    <p>1993 Grammy Awards</p>
    <p>The song was covered by several artists, including Me First
    and the Gimme Gimmes on their album 
    <i>Take a Break</i>, We Are Scientists in concert, Gladys
    Knight on the live medley from her album 
    <i>Just for You</i>, and the Backstreet Boys during their
    concerts. An a capella version was re-recorded for Boyz II
    Men's 2007 album, 
    <i>Motown: A Journey Through Hitsville USA</i>. Marcela Morelo
    recorded an spanish version of the song in her 2009 album "Otro
    plan".</p>
    <p>During the series finale of the sitcom 
    <i>A Different World</i>, Whitley led everyone in singing "End
    of the Road" at hers and Dwayne's farewell party as they
    prepared to leave for Tokyo.</p>
    
  </descr>
</top-song>
