<top-song xmlns="http://marklogic.com/MLU/top-songs">
  <!--Copyright (c) 2010 Mark Logic Corporation. Permission is
granted to copy, distribute and/or modify this document under the terms of the
GNU Free Documentation License, Version 1.2 or any later version published by
the Free Software Foundation; with no Invariant Sections, no Front-Cover Texts,
and no Back-Cover Texts. A copy of the license is included in the section 
entitled "GNU Free Documentation License." Content derived from 
http://en.wikipedia.org/wiki/My_Heart_Will_Go_On 

Modified in February 2010 by Mark Logic Corporation under the terms of the 
GNU Free Documentation License.-->
  <title href="http://en.wikipedia.org/wiki/My_Heart_Will_Go_On" xmlns:ts="http://marklogic.com/MLU/top-songs">My Heart Will Go On</title>
  <artist href="http://en.wikipedia.org/wiki/Celine_Dion" xmlns:ts="http://marklogic.com/MLU/top-songs">Céline Dion</artist>
  <weeks last="1998-03-07">
    <week>1998-02-28</week>
    <week>1998-03-07</week>
  </weeks>
  <album url="http://upload.wikimedia.org/wikipedia/en/thumb/0/0a/MHWGOcd2.JPG/200px-MHWGOcd2.JPG" uri="/images/Celine-Dion+My-Heart-Will-Go-On.JPG">Let's Talk
  About LoveTitanic: Music from the Motion Picture</album>
  <released>December 8, 1997  (1997-12-08)</released>
  <formats>
    <format>CD single</format>
    <format>12" single</format>
    <format>mini CD single</format>
    <format>cassette single</format>
  </formats>
  <recorded>Wallyworld, The Hit Factory</recorded>
  <genres>
    <genre>Pop</genre>
  </genres>
  <lengths>
    <length>4:40</length>
  </lengths>
  <label>Columbia , Epic</label>
  <writers>
    <writer>James Horner</writer>
    <writer>Will Jennings</writer>
  </writers>
  <producers>
    <producer>Walter Afanasieff</producer>
    <producer>James Horner</producer>
    <producer>Simon Franglen</producer>
  </producers>
  <descr>
    <p>"My Heart Will Go On" is the theme song of the 1997
    blockbuster film 
    <i>Titanic</i>. With music by James Horner, lyrics by Will
    Jennings, and production by Walter Afanasieff, it was recorded
    by Céline Dion. Originally released in 1997 on Dion's album 
    <i>Let's Talk About Love</i>, it went to number 1 all over the
    world, including the United States, United Kingdom and
    Australia. 
    <i>My Heart Will Go On</i>was released in Australia and Germany
    on December 8, 1997, and in the rest of the world in January
    and February of 1998. It became one of the best-selling singles
    of all time, and was the world's best selling single of
    1998.</p>
    <p>Horner had originally composed the song as an instrumental
    motif that is used in several scenes during 
    <i>Titanic</i>. He then wanted to make a full vocal song out of
    it, for use in the end credits of the film. Director James
    Cameron did not want such a song, but Horner went ahead anyway
    and got Jennings to write the lyrics. Dion was Horner's first
    choice to sing it, but when she heard the song, she did not
    want to record it. It was her manager and husband, René
    Angélil, who convinced her to record a demo version, which was
    something she hadn't done for many years. Horner waited until
    Cameron was in an appropriate mood before presenting him with
    the song. After playing it several times, Cameron declared his
    approval, although worried that he might be criticised for
    "going commercial at the end of the movie."</p>
    <p>The song was recorded in one take and without instrumental
    accompaniment. Horner, Dion, and later Sony Music Entertainment
    decided to use this first recording because "Dion's voice was
    perfect."</p>
    <p>The music video was directed by Bille Woodruff and released
    at the end of 1997. It was included later on the 
    <i>All the Way… A Decade of Song &amp; Video</i>DVD.</p>
    <p>In addition to Dion's 
    <i>Let's Talk About Love</i>and the 
    <i>Titanic</i>soundtrack, "My Heart Will Go On" appears on
    several other albums, including 
    <i>Au cœur du stade</i>, 
    <i>All the Way… A Decade of Song</i>, 
    <i>A New Day... Live in Las Vegas</i>, 
    <i>Complete Best</i>and 
    <i>My Love: Essential Collection</i>. It was also included on
    the following DVDs: 
    <i>Au cœur du stade</i>, 
    <i>All the Way… A Decade of Song &amp; Video</i>and 
    <i>Live in Las Vegas - A New Day...</i>.</p>
    <p>At the height of the song's popularity, some radio stations
    in the U.S. and the UK played an edited version of the song,
    that had dramatic moments of dialog from the Jack and Rose lead
    characters in the film inserted in between Dion's vocal lines.
    It was included later on 
    <i>Back to Titanic</i>second soundtrack album.</p>
    <p>In France, "My Heart Will Go On" was released as a double
    A-side single with "The Reason."</p>
    <p>"My Heart Will Go On" is Céline Dion's biggest hit and one
    of the best-selling singles in history. In the U.S. the song
    debuted at number 1 on the Hot 100 and stayed in that position
    for 2 weeks. It spent 10 weeks at number 1 on the Hot 100
    Airplay and was also number 1 for 2 weeks on the Hot 100
    Singles Sales. Only a limited number of copies were released –
    690,000 – which were sold out in a few days. The single was
    eventually certified gold in the U.S. The song also became
    number 1 on several other U.S. charts: Hot Adult Contemporary
    Tracks (for 10 weeks), Top 40 Mainstream (10 weeks), Hot Latin
    Pop Airplay (4 weeks) and Hot Latin Tracks (1 week). "My Heart
    Will Go On" was the first English-language song to top the Hot
    Latin Tracks chart and Dion was given a Latin Music Award for
    that achievement.</p>
    <p>"My Heart Will Go On" was number 1 all over the world,
    spending many weeks at the top position, including: 17 weeks on
    the Eurochart Hot 100 Singles, 15 weeks in Switzerland, 13
    weeks in France and Germany, 11 weeks in the Netherlands and
    Sweden, 10 weeks in Belgium Wallonia, Denmark, Italy and
    Norway, 7 weeks in Belgium Flanders, 6 weeks in Ireland, 4
    weeks in Australia and Austria, 2 weeks in Spain and the UK,
    and 1 week in Finland.</p>
    <p>In Germany, "My Heart Will Go On" has sold over 2 million
    copies and was certified 4x platinum, becoming currently the
    87th best-selling single of all time there. It has also sold
    over a million copies in the United Kingdom (1,315,000) and
    France (1,200,000), and became 2x platinum and diamond single
    respectively. Other certifications include: 3x platinum in
    Belgium (150,000), 2x platinum in Australia (140,000),
    Netherlands (150,000), Norway (40,000), Sweden (40,000),
    Switzerland (100,000), platinum in Greece (40,000) and gold in
    Austria (25,000). "My Heart Will Go On" was released twice in
    Japan. The regular edition from January 1998 has sold 210,000
    and was certified 2x platinum (200,000). The remixes edition
    from June 1998 has sold 115,000 and was certified separately
    gold (100,000) due the fact that maxi-singles are treated as an
    album.</p>
    <p>"My Heart Will Go On" won the 1997 Academy Award for Best
    Original Song. It dominated the Grammy Awards of 1999, winning
    Record of the Year, Song of the Year, Best Female Pop Vocal
    Performance and Best Song Written Specifically for a Motion
    Picture or Television. "My Heart Will Go On" won also the
    Golden Globe Award for "Best Original Song-Motion Picture" in
    1998.</p>
    <p>The song also won a Japanese Gold Disc Award, for Song of
    the Year, as well as a Billboard Music Award for Soundtrack
    Single of the Year.</p>
    <p>In a 2006 poll for a program on Five called 
    <i>Britain's Favourite Break-up Songs</i>, "My Heart Will Go
    On" was voted tenth. It has been named one of the Songs of the
    Century. It is one of the best-selling singles ever in the UK.
    It was ranked at number 14 on AFI's 100 Years...100 Songs,
    celebrating the 100 greatest songs in American film
    history.</p>
    <p>Due to the song's widespread popularity when it was
    released, it is considered to be Céline Dion's signature song.
    Today, along with two other songs from film soundtracks,
    Whitney Houston's "I Will Always Love You" from 
    <i>The Bodyguard</i>and Bryan Adams' "(Everything I Do) I Do It
    for You" from 
    <i>Robin Hood: Prince of Thieves</i>, it is considered one of
    the biggest love ballads of the 1990s.</p>
    <p>After the song had become a huge worldwide hit, many movie
    studios and record labels tried to duplicate its impact.
    Although many soundtrack singles had become hits before "My
    Heart Will Go On," a string of similar songs followed
    afterward, such as Aerosmith's "I Don't Want to Miss a Thing"
    from 
    <i>Armageddon</i>and Faith Hill's "There You'll Be" from 
    <i>Pearl Harbor</i>. Each followed in the footsteps of the
    "Titanic" theme, a love ballad for a tragedy. Although those
    two songs became hits, they did not achieve the success of "My
    Heart Will Go On."</p>
    <p>Horner himself repeated the formula of making a song from
    his film themes with movies such as 
    <i>A Beautiful Mind</i>, 
    <i>Bicentennial Man</i>, 
    <i>The Perfect Storm</i>, and 
    <i>Avatar</i>.</p>
    <p>European CD single</p>
    <p>European CD single #2</p>
    <p>French CD single</p>
    <p>French CD single #2</p>
    <p>French CD single #3</p>
    <p>Japanese CD single</p>
    <p>UK cassette single</p>
    <p>U.S. CD single</p>
    <p>Australian/Brazilian/European/UK/Korean CD maxi single</p>
    <p>Australian CD maxi single #2</p>
    <p>Brazilian CD maxi single #2</p>
    <p>European CD maxi single #2 / UK 12" single</p>
    <p>Japanese/Korean CD maxi single</p>
    <p>UK CD maxi single #2</p>
    <p>
      <span style="white-space:nowrap">"Nel blu dipinto di blu
      (Volare)" ·</span>
      <span style="white-space:nowrap">"Mack the
      Knife" ·</span>
      <span style="white-space:nowrap">"Theme from A Summer
      Place" ·</span>
      <span style="white-space:nowrap">"Moon River" ·</span>
      <span style="white-space:nowrap">"I Left My Heart in San
      Francisco" ·</span>
      <span style="white-space:nowrap">"Days of Wine and
      Roses" ·</span>
      <span style="white-space:nowrap">"The Girl from
      Ipanema" ·</span>
      <span style="white-space:nowrap">"A Taste of
      Honey" ·</span>
      <span style="white-space:nowrap">"Strangers in the
      Night" ·</span>
      <span style="white-space:nowrap">"Up, Up and
      Away" ·</span>
      <span style="white-space:nowrap">"Mrs. Robinson"</span>
    </p>
    <p>
      <span style="white-space:nowrap">"Aquarius/Let the Sunshine
      In" ·</span>
      <span style="white-space:nowrap">"Bridge over Troubled
      Water" ·</span>
      <span style="white-space:nowrap">"It's Too
      Late" ·</span>
      <span style="white-space:nowrap">"The First Time Ever I Saw
      Your Face" ·</span>
      <span style="white-space:nowrap">"Killing Me Softly with His
      Song" ·</span>
      <span style="white-space:nowrap">"I Honestly Love
      You" ·</span>
      <span style="white-space:nowrap">"Love Will Keep Us
      Together" ·</span>
      <span style="white-space:nowrap">"This
      Masquerade" ·</span>
      <span style="white-space:nowrap">"Hotel
      California" ·</span>
      <span style="white-space:nowrap">"Just the Way You
      Are"</span>
    </p>
    <p>
      <span style="white-space:nowrap">"What a Fool
      Believes" ·</span>
      <span style="white-space:nowrap">"Sailing" ·</span>
      <span style="white-space:nowrap">"Bette Davis
      Eyes" ·</span>
      <span style="white-space:nowrap">"Rosanna" ·</span>
      <span style="white-space:nowrap">"Beat It" ·</span>
      <span style="white-space:nowrap">"What's Love Got to Do with
      It" ·</span>
      <span style="white-space:nowrap">"We Are the
      World" ·</span>
      <span style="white-space:nowrap">"Higher Love" ·</span>
      <span style="white-space:nowrap">"Graceland" ·</span>
      <span style="white-space:nowrap">"Don't Worry, Be
      Happy"</span>
    </p>
    <p>
      <span style="white-space:nowrap">"Wind Beneath My
      Wings" ·</span>
      <span style="white-space:nowrap">"Another Day in
      Paradise" ·</span>
      <span style="white-space:nowrap">
      "Unforgettable" ·</span>
      <span style="white-space:nowrap">"Tears in
      Heaven" ·</span>
      <span style="white-space:nowrap">"I Will Always Love
      You" ·</span>
      <span style="white-space:nowrap">"All I Wanna
      Do" ·</span>
      <span style="white-space:nowrap">"Kiss from a
      Rose" ·</span>
      <span style="white-space:nowrap">"Change the
      World" ·</span>
      <span style="white-space:nowrap">"Sunny Came
      Home" ·</span>
      <span style="white-space:nowrap">"
      <strong class="selflink">
My Heart Will Go On
</strong>"</span>
    </p>
    <p>
      <span style="white-space:nowrap">"Smooth" ·</span>
      <span style="white-space:nowrap">"Beautiful
      Day" ·</span>
      <span style="white-space:nowrap">"Walk On" ·</span>
      <span style="white-space:nowrap">"Don't Know
      Why" ·</span>
      <span style="white-space:nowrap">"Clocks" ·</span>
      <span style="white-space:nowrap">"Here We Go
      Again" ·</span>
      <span style="white-space:nowrap">"Boulevard of Broken
      Dreams" ·</span>
      <span style="white-space:nowrap">"Not Ready to Make
      Nice" ·</span>
      <span style="white-space:nowrap">"Rehab" ·</span>
      <span style="white-space:nowrap">"Please Read the
      Letter"</span>
    </p>
    <p>
      <span style="white-space:nowrap">"Use Somebody"</span>
    </p>
  </descr>
</top-song>
