<top-song xmlns="http://marklogic.com/MLU/top-songs">
  <!--Copyright (c) 2010 Mark Logic Corporation. Permission is
granted to copy, distribute and/or modify this document under the terms of the
GNU Free Documentation License, Version 1.2 or any later version published by
the Free Software Foundation; with no Invariant Sections, no Front-Cover Texts,
and no Back-Cover Texts. A copy of the license is included in the section 
entitled "GNU Free Documentation License." Content derived from 
http://en.wikipedia.org/wiki/Because_You_Loved_Me 

Modified in February 2010 by Mark Logic Corporation under the terms of the 
GNU Free Documentation License.-->
  <title href="http://en.wikipedia.org/wiki/Because_You_Loved_Me" xmlns:ts="http://marklogic.com/MLU/top-songs">Because You Loved Me</title>
  <artist href="http://en.wikipedia.org/wiki/Celine_Dion" xmlns:ts="http://marklogic.com/MLU/top-songs">Céline Dion</artist>
  <weeks last="1996-04-27">
    <week>1996-03-23</week>
    <week>1996-03-30</week>
    <week>1996-04-06</week>
    <week>1996-04-13</week>
    <week>1996-04-20</week>
    <week>1996-04-27</week>
  </weeks>
  <album url="http://upload.wikimedia.org/wikipedia/en/thumb/7/76/BYLM1.jpg/200px-BYLM1.jpg" uri="/images/Celine-Dion+Because-You-Loved-Me.jpg">Falling into
  You</album>
  <released>February 20, 1996  (1996-02-20)</released>
  <formats>
    <format>CD single</format>
    <format>cassette single</format>
    <format>vinyl single</format>
  </formats>
  <recorded>Chartmarker Studios, Capitol Studios, Rumbo
  Recorders</recorded>
  <genres>
    <genre>Pop</genre>
  </genres>
  <lengths>
    <length>4:33</length>
  </lengths>
  <label>Columbia , Epic</label>
  <writers>
    <writer>Diane Warren</writer>
  </writers>
  <producers>
    <producer>David Foster</producer>
  </producers>
  <descr>
    <p>"Because You Loved Me" is a smash hit from Céline Dion's
    album 
    <i>Falling into You</i>, released as the first single on
    February 19, 1996 in North America and Japan. In other parts of
    the world it was released in May 1996 as the second single,
    after "Falling into You."</p>
    <p>"Because You Loved Me" was written by Diane Warren as a
    tribute to her father for his encouragement. It was produced by
    David Foster and featured in the film 
    <i>Up Close &amp; Personal</i>.</p>
    <p>The song was nominated for an Academy Award and a Golden
    Globe Award, as well as four Grammy Awards. It won a Grammy
    Award for Best Song Written for a Motion Picture, Television or
    Other Visual Media (award went to Diane Warren), and was
    nominated for the Record of the Year, Song of the Year and Best
    Female Pop Vocal Performance.</p>
    <p>The music video, with fragments from the film, was directed
    by Kevin Bray and released in February 1996.</p>
    <p>The B-sides of the European single included unreleased at
    that time songs: "The Power of the Dream," "To Love You More"
    and "Sola Otra Vez."</p>
    <p>"Because You Loved Me" is one of Céline Dion's biggest hits
    and signature songs. It reached number 1 in the United States
    (6 weeks at the top), Australia (3 weeks) and Canada (1 week).
    In all of these countries, it was her second number 1 song,
    after "The Power of Love."</p>
    <p>The single set a record on the U.S. Hot Adult Contemporary
    Tracks, where it remained at number 1 for 19 weeks. It topped
    many other American charts as well, including Billboard Hot 100
    Airplay (14 weeks at the top) and Hot 100 Singles Sales (6
    weeks), also Hot Adult Top 40 Tracks (12 weeks) and Top 40
    Mainstream (5 weeks).</p>
    <p>"Because You Loved Me" was also a hit in the rest of the
    world reaching number 2 in Ireland, number 3 in New Zealand and
    Switzerland, number 4 in the Netherlands, number 5 in the
    United Kingdom and Belgium etc.</p>
    <p>The single has sold 1,345,000 copies in the U.S. and was
    certified platinum. It was also certified 2x platinum in
    Australia (140,000), platinum in New Zealand (10,000), gold in
    Germany (250,000) and silver in the United Kingdom (although it
    has sold 420,000 copies and should be certified gold). Also in
    France, "Because You Loved Me" has sold 195,000 copies and
    should be certified silver.</p>
    <p>The song became a part of two greatest hits released by
    Dion: 
    <i>All the Way… A Decade of Song</i>in 1999 and 
    <i>My Love: Essential Collection</i>in 2008. Lately, "Because
    You Loved Me" could be found on the 
    <i>Live in Las Vegas - A New Day...</i>DVD and it was also
    performed during the 2008-09 Taking Chances Tour.</p>
    <p>The track was covered by Johnny Mathis (1998), Michael Ball
    (1998), Vivian Reed (2001), Jane McDonald (2001), Clay Aiken
    (2006), Miho Fukuhara (2007) and Nina Girado (2008).</p>
    <p>European CD single</p>
    <p>European/UK cassette single</p>
    <p>Japanese/North American CD single</p>
    <p>Australian CD maxi single</p>
    <p>Australian CD maxi single #2</p>
    <p>European/UK CD maxi single</p>
    <p>European CD maxi single #2</p>
    <p>UK CD maxi single #2</p>
  </descr>
</top-song>
