<top-song xmlns="http://marklogic.com/MLU/top-songs">
  <!--Copyright (c) 2010 Mark Logic Corporation. Permission is
granted to copy, distribute and/or modify this document under the terms of the
GNU Free Documentation License, Version 1.2 or any later version published by
the Free Software Foundation; with no Invariant Sections, no Front-Cover Texts,
and no Back-Cover Texts. A copy of the license is included in the section 
entitled "GNU Free Documentation License." Content derived from 
http://en.wikipedia.org/wiki/Arthur%27s_Theme_(Best_That_You_Can_Do) 

Modified in February 2010 by Mark Logic Corporation under the terms of the 
GNU Free Documentation License.-->
  <title href="http://en.wikipedia.org/wiki/Arthur%27s_Theme_(Best_That_You_Can_Do)" xmlns:ts="http://marklogic.com/MLU/top-songs">Arthur's Theme (Best That You Can Do)</title>
  <artist href="http://en.wikipedia.org/wiki/Christopher_Cross" xmlns:ts="http://marklogic.com/MLU/top-songs">Christopher Cross</artist>
  <weeks last="1981-10-31">
    <week>1981-10-17</week>
    <week>1981-10-24</week>
    <week>1981-10-31</week>
  </weeks>
  <album>Arthur – The Album</album>
  <released>1981</released>
  <formats>
    <format>LP ; Cassette</format>
  </formats>
  <recorded>1981</recorded>
  <genres>
    <genre>Pop</genre>
  </genres>
  <lengths>
    <length>03:52</length>
  </lengths>
  <label>Warner Bros.</label>
  <writers>
    <writer>Christopher Cross ; Burt Bacharach ; Carole Bayer Sager
    ; Peter Allen</writer>
  </writers>
  <producers>
    <producer>Burt Bacharach ; Michael Omartian ; Andrew Gold ; Val
    Garay</producer>
  </producers>
  <descr>
    <p>"Arthur's Theme (Best That You Can Do)", is a song performed
    by Christopher Cross, which was the theme to the 1981 film 
    <i>Arthur</i>starring Dudley Moore and Liza Minnelli. It
    reached #1 on the US Billboard Hot 100 and in Norway on the
    VG-lista chart.</p>
    <p>The song was written in collaboration between Cross, pop
    music composer Burt Bacharach, and his frequent writing partner
    Carole Bayer Sager. A fourth writing credit goes to Minnelli's
    ex-husband and Australian songwriter Peter Allen, also a
    frequent collaborator with Bayer Sager; the line "When you get
    caught between the moon and New York City" from the chorus is
    taken from an unreleased song they had previously written
    together.</p>
    <p>The song won the 1981 Academy Award for Best Original Song
    and the Golden Globe Award for Best Original Song. The award
    was presented by singer Bette Midler, who, in her presentation
    of the nominated songs, called the song " 'That Song About the
    Moon and New York City,' also known as 'Four on a Song,' "
    referring to the four songwriters.</p>
    <p>In Japan, the song is known as ニューヨーク・シティ・セレナーデ or "New York
    City Serenade" and has enjoyed popularity over the years. Cross
    performed the song with J-pop band SMAP in 2004. The song was
    even featured in a video that played in Shibuya Crossing (the
    world's busiest scramble crossing) in 2007.</p>
    <p>It is No. 79 on AFI's 100 Years... 100 Songs</p>
  </descr>
</top-song>
