<top-song xmlns="http://marklogic.com/MLU/top-songs">
  <!--Copyright (c) 2010 Mark Logic Corporation. Permission is
granted to copy, distribute and/or modify this document under the terms of the
GNU Free Documentation License, Version 1.2 or any later version published by
the Free Software Foundation; with no Invariant Sections, no Front-Cover Texts,
and no Back-Cover Texts. A copy of the license is included in the section 
entitled "GNU Free Documentation License." Content derived from 
http://en.wikipedia.org/wiki/(I_Just)_Died_in_Your_Arms 

Modified in February 2010 by Mark Logic Corporation under the terms of the 
GNU Free Documentation License.-->
  <title href="http://en.wikipedia.org/wiki/(I_Just)_Died_in_Your_Arms" xmlns:ts="http://marklogic.com/MLU/top-songs">(I Just) Died in Your Arms</title>
  <artist href="http://en.wikipedia.org/wiki/Cutting_Crew" xmlns:ts="http://marklogic.com/MLU/top-songs">Cutting Crew</artist>
  <weeks last="1987-05-09">
    <week>1987-05-02</week>
    <week>1987-05-09</week>
  </weeks>
  <album url="http://upload.wikimedia.org/wikipedia/en/thumb/a/ac/Cutting_Crew_-_%28I_Just%29_Died_in_Your_Arms_single_cover.jpg/200px-Cutting_Crew_-_%28I_Just%29_Died_in_Your_Arms_single_cover.jpg" uri="/images/Cutting-Crew+I-Just-Died-in-Your-Arms.jpg">
  Broadcast</album>
  <released>August 15, 1986 (UK) , January 4, 1987
  (U.S.)</released>
  <formats>
    <format>7" single</format>
  </formats>
  <recorded>1986</recorded>
  <genres>
    <genre>Rock</genre>
    <genre>New Wave</genre>
  </genres>
  <lengths>
    <length>4:41</length>
  </lengths>
  <label>Virgin</label>
  <writers>
    <writer>Nick Van Eede</writer>
  </writers>
  <producers>
    <producer>Terry Brown</producer>
    <producer>John Jansen</producer>
    <producer>Cutting Crew</producer>
  </producers>
  <descr>
    <p>"(I Just) Died in Your Arms" is a power ballad written by
    Nick Van Eede and introduced by his band, Cutting Crew, in
    1986. It was their biggest hit, peaking at #1 in the United
    States, Canada and Norway, and reaching the top five in the UK,
    South Africa, Sweden and Switzerland.</p>
    <p>Vocalist Nick Van Eede founded the group along with Canadian
    guitarist Kevin Scott MacMichael in 1985, and the two made
    demos that led to a recording contract, before bassist Colin
    Farley and drummer Martin Beadle joined in 1986. The band
    recorded and released an album of all original material that
    same year, and had an international hit.</p>
    <p>The words "I just died in your arms tonight" originally came
    to Van Eede while he was having sex with his girlfriend,
    "death" being an often-used metaphor for orgasm. Writing down
    the phrase, Van Eede later used it as the hook to "(I Just)
    Died In Your Arms."</p>
    <p>First released in Britain, the song peaked at #4 on the UK
    charts in August 1986. Upon its release in the United States,
    the previously unknown band's debut single shot to number one
    on May 2, 1987, and stayed there for two weeks. It also reached
    #4 on the Hot Mainstream Rock Tracks chart, #24 on Billboard's
    Hot Adult Contemporary Tracks chart and (in a remix version)
    #37 on the Hot Dance/Club Play chart. The song spent three
    weeks at #1 in Canada.</p>
    <p>Cutting Crew's "(I Just) Died in Your Arms" is featured in
    the 1999 film 
    <i>Never Been Kissed</i>starring Drew Barrymore, as well as the
    2007 movie 
    <i>Hot Rod</i>. It is also featured in the video games 
    <i>Grand Theft Auto: Vice City</i>(2002) and 
    <i>Karaoke Revolution Presents: American Idol
    Encore</i>(2008).</p>
    <p>The song was also featured in a season 25, episode 14
    Saturday Night Live sketch titled "Wedding Singers." The sketch
    featured Will Ferrell and Horatio Sanz as musicians who kept
    starting the song before their cue. Finally, when they are
    given the cue, they confess that they only remember the first
    two sentences of the song.</p>
  </descr>
</top-song>
