<top-song xmlns="http://marklogic.com/MLU/top-songs">
  <!--Copyright (c) 2010 Mark Logic Corporation. Permission is
granted to copy, distribute and/or modify this document under the terms of the
GNU Free Documentation License, Version 1.2 or any later version published by
the Free Software Foundation; with no Invariant Sections, no Front-Cover Texts,
and no Back-Cover Texts. A copy of the license is included in the section 
entitled "GNU Free Documentation License." Content derived from 
http://en.wikipedia.org/wiki/I%27m_Leaving_It_Up_to_You 

Modified in February 2010 by Mark Logic Corporation under the terms of the 
GNU Free Documentation License.-->
  <title href="http://en.wikipedia.org/wiki/I%27m_Leaving_It_Up_to_You" xmlns:ts="http://marklogic.com/MLU/top-songs">I'm Leaving It Up to You</title>
  <artist href="http://en.wikipedia.org/wiki/Dale_%26_Grace" xmlns:ts="http://marklogic.com/MLU/top-songs">Dale &amp; Grace</artist>
  <weeks last="1963-11-30">
    <week>1963-11-23</week>
    <week>1963-11-30</week>
  </weeks>
  <descr>
    <p>"I'm Leaving It All Up to You" is a popular song sung by
    Dale and Grace that was a number-one song in the United States
    in 1963 (see 1963 in music). It was the first time a hit by a
    duet was succeeded by another duet on the number-one spot. It
    topped the Billboard Hot 100 chart for the week ending November
    23, 1963 and remained there for two weeks.</p>
    <p>The song also spent two weeks atop the "Easy listening"
    chart that same year. This was the number one song on the date
    President John F. Kennedy was assassinated in Dallas, Texas.
    Interestingly, Dale and Grace were in Dallas, Texas, on the day
    of the assassination, scheduled to perform that night as part
    of Dick Clark's Caravan of Stars (with Bobby Rydell, Jimmy
    Clanton, and Brian Hyland), and had actually waved to the
    president's motorcade from a vantage point near their hotel
    moments before the assassination.</p>
    <p>The song was covered in 1970 by Linda Ronstadt on her
    Nashville recorded 
    <i>Silk Purse</i>album. It became a chart-topping hit again
    more than ten years later, when brother and sister duo Donny
    &amp; Marie Osmond covered the song in 1974. That September, it
    reached #4 on the Hot 100 and #1 Adult Contemporary chart in
    the United States.</p>
    
  </descr>
</top-song>
