<top-song xmlns="http://marklogic.com/MLU/top-songs">
  <!--Copyright (c) 2010 Mark Logic Corporation. Permission is
granted to copy, distribute and/or modify this document under the terms of the
GNU Free Documentation License, Version 1.2 or any later version published by
the Free Software Foundation; with no Invariant Sections, no Front-Cover Texts,
and no Back-Cover Texts. A copy of the license is included in the section 
entitled "GNU Free Documentation License." Content derived from 
http://en.wikipedia.org/wiki/Private_Eyes_(song) 

Modified in February 2010 by Mark Logic Corporation under the terms of the 
GNU Free Documentation License.-->
  <title href="http://en.wikipedia.org/wiki/Private_Eyes_(song)" xmlns:ts="http://marklogic.com/MLU/top-songs">Private Eyes</title>
  <artist href="http://en.wikipedia.org/wiki/Hall_%26_Oates" xmlns:ts="http://marklogic.com/MLU/top-songs">Daryl Hall and John Oates</artist>
  <weeks last="1981-11-14">
    <week>1981-11-07</week>
    <week>1981-11-14</week>
  </weeks>
  <album url="http://upload.wikimedia.org/wikipedia/en/thumb/b/b6/PrivateEyesDHJO.jpg/200px-PrivateEyesDHJO.jpg" uri="/images/Daryl-Hall-and-John-Oates+Private-Eyes.jpg">Private
  Eyes</album>
  <released>1981</released>
  <formats>
    <format>7" Vinyl record</format>
  </formats>
  <recorded>Spring 1981</recorded>
  <genres>
    <genre>Pop</genre>
  </genres>
  <label>RCA Records</label>
  <writers>
    <writer>Daryl Hall</writer>
    <writer>Sara Allen</writer>
    <writer>Janna Allen and Warren Pash</writer>
  </writers>
  <producers>
    <producer>Daryl Hall</producer>
    <producer>John Oates</producer>
    <producer>Neil Kernon</producer>
  </producers>
  <descr>
    <p>"Private Eyes" is the hit 1981 single by Hall &amp; Oates
    and the title track from their album of that year. The song was
    #1 on the Billboard Hot 100 charts for 2 weeks, from November 7
    through November 20, 1981. This single was the band's third of
    six #1 hits (the first two being "Rich Girl" and "Kiss on My
    List") and their second #1 hit of the 1980s. Interestingly, it
    was succeeded by Olivia Newton-John's "Physical," which was in
    turn succeeded by another #1 hit from Hall and Oates, "I Can't
    Go for That (No Can Do)."</p>
    <p>In an interview with American Songwriter, Daryl Hall states:
    "That’s a real Janna Allen [co-writer and sister of Sara Allen]
    song. Janna, and I, and Warren Pash wrote that. Warren and
    Janna wrote most of the song, and I took it and changed it
    around-changed the chords. Sandy [Sara Allen] and I wrote the
    lyrics. It’s a real family song, the Allen sisters and me."</p>
    <p>The music video featured the band dressed as detectives and
    was the first to feature the backup band of guitarist G. E.
    Smith, bassist Tom "T-Bone" Wolk, drummer Mickey Curry, and
    saxophone/keyboardist Charles DeChant. The song was co-written
    with Canadian songwriter Warren Pash.</p>
    <p>The single carries a similar rhythm to the duo's number one
    hit from earlier that year, "Kiss On My List," with the
    difference being a handclap chorus that has made the song an
    audience-participation favorite at live Hall and Oates shows.
    It was one of the duo's first songs to appear in heavy rotation
    on MTV.</p>
    <p>The song is performed by private investigator Vinnie Van
    Lowe in the Veronica Mars episode "Kanes and Abel's." After
    Veronica tries to bug Vinnie's office, he asks his receptionist
    (also his mother) who his favorite band is, then leans out the
    window and sings the song to an eavesdropping Veronica. At one
    point he changes the chorus from "Private Eyes" to "Veronica
    Mars/I'm watching you."</p>
    <p>The Disney Channel ran a DTV music video of the song, set
    mostly to clips from the Goofy cartoon short 
    <i>How to Be a Detective</i>.</p>
    <p>
    <i>Captain Kangaroo</i>in the early '80's had a puppet vignette
    of the song.</p>
    <p>On the 
    <span class="mw-formatted-date" title="2007-08-13">
<span class="mw-formatted-date" title="08-13">
August 13
</span>, 2007
</span>episode of 
    <i>WWE Raw</i>, John "Bradshaw" Layfield and Michael Cole
    dressed up as Hall &amp; Oates and sang versions of "Private
    Eyes" and "Rich Girl."</p>
    <p>In episode 3x16 of 
    <i>Psych</i>, 
    <i>An Evening With Mr. Yang</i>, Detective Lassiter is shown
    singing along to the song playing on his iPod. USA Network
    later parodied the original music video to "Private Eyes" in a
    promo for the television series.</p>
    
  </descr>
</top-song>
