<top-song xmlns="http://marklogic.com/MLU/top-songs">
  <!--Copyright (c) 2010 Mark Logic Corporation. Permission is
granted to copy, distribute and/or modify this document under the terms of the
GNU Free Documentation License, Version 1.2 or any later version published by
the Free Software Foundation; with no Invariant Sections, no Front-Cover Texts,
and no Back-Cover Texts. A copy of the license is included in the section 
entitled "GNU Free Documentation License." Content derived from 
http://en.wikipedia.org/wiki/Buttons_and_Bows 

Modified in February 2010 by Mark Logic Corporation under the terms of the 
GNU Free Documentation License.-->
  <title href="http://en.wikipedia.org/wiki/Buttons_and_Bows" xmlns:ts="http://marklogic.com/MLU/top-songs">Buttons and Bows</title>
  <artist href="http://en.wikipedia.org/wiki/Dinah_Shore" xmlns:ts="http://marklogic.com/MLU/top-songs">Dinah Shore</artist>
  <weeks last="1948-11-06">
    <week>1948-11-06</week>
  </weeks>
  <descr>
    <p>"Buttons and Bows" is a popular song.</p>
    <p>The music was written by Jay Livingston, the lyrics by Ray
    Evans. The song was published in 1947. The song appeared in the
    Bob Hope and Jane Russell movie 
    <i>The Paleface</i>, and won the Academy Award for Best
    Original Song. It was a vocal selection on many radio programs
    in late 1948.</p>
    <p>The most popular version of the song was recorded by Dinah
    Shore in 1947, but reached the charts the next year. Charting
    versions of the song were also recorded by The Dinning Sisters,
    by Betty Rhodes, by Evelyn Knight, and by Betty Garrett the
    same year. In addition, the song was also recorded in the
    United States by Gene Autry and in the United Kingdom by
    Geraldo and his orchestra (with vocalist Doreen Lundy). It was
    memorably performed (with most of the lyrics forgotten) by Dr.
    Frasier Crane in the 
    <i>Frasier</i>episode 
    <i>Look Before You Leap</i>. The song was also used in the
    sequel 
    <i>Son of Paleface</i>.</p>
  </descr>
</top-song>
