<top-song xmlns="http://marklogic.com/MLU/top-songs">
  <!--Copyright (c) 2010 Mark Logic Corporation. Permission is
granted to copy, distribute and/or modify this document under the terms of the
GNU Free Documentation License, Version 1.2 or any later version published by
the Free Software Foundation; with no Invariant Sections, no Front-Cover Texts,
and no Back-Cover Texts. A copy of the license is included in the section 
entitled "GNU Free Documentation License." Content derived from 
http://en.wikipedia.org/wiki/The_Reflex 

Modified in February 2010 by Mark Logic Corporation under the terms of the 
GNU Free Documentation License.-->
  <title href="http://en.wikipedia.org/wiki/The_Reflex" xmlns:ts="http://marklogic.com/MLU/top-songs">The Reflex</title>
  <artist href="http://en.wikipedia.org/wiki/Duran_Duran" xmlns:ts="http://marklogic.com/MLU/top-songs">Duran Duran</artist>
  <weeks last="1984-06-30">
    <week>1984-06-23</week>
    <week>1984-06-30</week>
  </weeks>
  <album url="http://upload.wikimedia.org/wikipedia/en/thumb/7/7c/The_Reflex.jpg/200px-The_Reflex.jpg" uri="/images/Duran-Duran+The-Reflex.jpg">Seven and the Ragged
  Tiger</album>
  <released>16 April 1984</released>
  <formats>
    <format>7"</format>
    <format>12"</format>
    <format>CD Single</format>
  </formats>
  <recorded>1983</recorded>
  <genres>
    <genre>New Wave</genre>
  </genres>
  <lengths>
    <length>4:26</length>
  </lengths>
  <label>EMI</label>
  <writers>
    <writer>Duran Duran</writer>
  </writers>
  <producers>
    <producer>Duran Duran</producer>
    <producer>Ian Little</producer>
    <producer>Alex Sadkin</producer>
  </producers>
  <descr>
    <p>
      <i>For other uses of the term, see 'Reflex'.</i>
    </p>
    <p>"The Reflex" is the eleventh single by Duran Duran, released
    worldwide on April 16, 1984.</p>
    <p>The song was heavily remixed for single release and was the
    third and last to be taken from their third album 
    <i>Seven and the Ragged Tiger</i>.</p>
    <p>"The Reflex" became the band's most successful single. It
    was their second single to top the UK singles chart, after "Is
    There Something I Should Know?" in 1983, and would prove to be
    their last UK #1. It was also Duran Duran's first single to hit
    number one on the U.S. Billboard Hot 100 (for two weeks) on 23
    June 1984 (see 1984 in music), and became a huge hit
    internationally. The band wanted it to be the lead single from 
    <i>Seven and the Ragged Tiger</i>, but their label didn't like
    the warbling singing during the "why don't you use it"
    segments, thinking this would hinder its success as a stand
    alone single track.</p>
    <p>The remixes for both the 7" and 12" singles were done by
    Nile Rodgers, of Chic fame. It was his first work with the
    band, and he would later go on to produce "The Wild Boys"
    single as well as the album 
    <i>Notorious</i>(1986) and several tracks on 
    <i>Astronaut</i>(2004).</p>
    <p>Producer Ian Little recalls the sound Nick Rhodes came up
    with on his Roland Jupiter-8 keyboard: "...whenever I hear that
    steel-drum part it always brings a smile to my face because
    it's so out of tune. Steel drums always are, but it was exactly
    right in terms of rhythm and tone. So a wood-block sound was
    mixed in to make it even more percussive and, Bob's your uncle,
    it did the job."</p>
    <p>The video for "The Reflex" was shot during the 
    <i>Sing Blue Silver</i>tour at Maple Leaf Gardens in Toronto,
    Ontario on 5 March 1984. Director Russell Mulcahy filmed some
    of the closeup footage in the indoor arena that afternoon, and
    the rest was filmed live during that evening's concert.</p>
    <p>"The Reflex" is primarily a concert video, accurately
    portraying Duran Duran's 
    <i>Sing Blue Silver</i>tour performance style. However, in
    keeping with the band's insistence that their videos "never be
    ordinary", the video screen above the stage displayed bits of
    naked models wearing collars and chains illuminated with black
    light, occasionally interrupted by computerized video white
    noise. At one point, a waterfall appears to pour out of the
    video screen above the stage to soak the audience. The computer
    graphics used to achieve this were cutting edge at the time,
    but rapid advancement in the field quickly made the effect look
    dated.</p>
    <p>Keyboard enthusiasts have taken special note of the
    Fairlight CMI (the first digital sampling synthesiser) that
    Nick Rhodes operated with a light pen in this video, and
    throughout the tour.</p>
    <p>Some symbolic scenes from the official video were taken and
    later mixed with the alternate version shown in the band's
    concert film 
    <i>Arena (An Absurd Notion)</i>; in the final segment when the
    band, the crowd and even the fans undertake the final and
    crucial battle against the evil Dr. Durand Durand.</p>
    <p>The live b-side "Make Me Smile (Come Up and See Me)" is a
    cover of a Steve Harley &amp; Cockney Rebel song, recorded
    November 16, 1982
    <span style="display:none"> (
    <span class="bday dtstart updated">
1982-11-16
</span>)</span>at Hammersmith Odeon in London, with lead Rebel
Steve Harley joining the band onstage.</p>
    <p>A second live b-side released on the US single, "New
    Religion", was recorded 7 February 1984 at The Forum in Los
    Angeles. This is not the same live version that appears on the 
    <i>Arena</i>album.</p>
    <p>Cover versions have been recorded by Less than Jake and the
    duo of Kylie Minogue and Ben Lee.</p>
    <p>The song is part of the Hooked on Polkas medley on the Dare
    To Be Stupid album, by "Weird Al" Yankovic.</p>
    <p>The song has also been featured in the soundtracks for the
    movies 
    <i>American Wedding</i>(2003) and 
    <i>Corky Romano</i>(2001), as well as an episode of the
    short-lived 2002 television series 
    <i>That '80s Show</i>in which bassist John Taylor made a guest
    appearance.</p>
    <p>The song is also featured in the video game 
    <i>Saints Row 2</i>as part of its 80s radio station.</p>
    <p>The song was referenced by Dave Chappelle in one of his
    skits that aired on The Lost Episodes.</p>
    <p>"The Reflex" was the second Duran Duran single to feature a
    personalised group catalogue number in the UK, DURAN 2.</p>
    <p>Apart from the single, "The Reflex" has also appeared
    on:</p>
    <p>Albums:</p>
    <p>Singles:</p>
    <p>Videos:</p>
    <p>Video games:</p>
    <p>Duran Duran are:</p>
    <p>Also credited:</p>
    <p>
      <span style="white-space:nowrap"> ·</span>
      <span style="white-space:nowrap"> ·</span>
      <span style="white-space:nowrap"> ·</span>
      <span style="white-space:nowrap">, Andy Taylor ·</span>
      <span style="white-space:nowrap">Warren
      Cuccurullo ·</span>
      <span style="white-space:nowrap">Sterling
      Campbell ·</span>
      <span style="white-space:nowrap">Stephen Duffy ·</span>
      <span style="white-space:nowrap">Simon Colley ·</span>
      <span style="white-space:nowrap">Andy Wickett ·</span>
      <span style="white-space:nowrap">Alan Curtis ·</span>
      <span style="white-space:nowrap">Jeff Thomas</span>
    </p>
    <p>
      <span style="white-space:nowrap">
        <i>Duran Duran ·</i>
      </span>
      <span style="white-space:nowrap">
        <i>Rio ·</i>
      </span>
      <span style="white-space:nowrap">
        <i>Seven and the Ragged Tiger ·</i>
      </span>
      <span style="white-space:nowrap">
        <i>Notorious ·</i>
      </span>
      <span style="white-space:nowrap">
        <i>Big Thing ·</i>
      </span>
      <span style="white-space:nowrap">
        <i>Liberty ·</i>
      </span>
      <span style="white-space:nowrap">
        <i>Duran Duran ·</i>
      </span>
      <span style="white-space:nowrap">
        <i>Thank You ·</i>
      </span>
      <span style="white-space:nowrap">
        <i>Medazzaland ·</i>
      </span>
      <span style="white-space:nowrap">
        <i>Pop Trash ·</i>
      </span>
      <span style="white-space:nowrap">
        <i>Astronaut ·</i>
      </span>
      <span style="white-space:nowrap">
        <i>Red Carpet Massacre</i>
      </span>
    </p>
    <p>
      <i>Live at Hammersmith 82! ·</i>
      <i>Arena</i>
    </p>
    <p>
      <span style="white-space:nowrap">
        <i>Carnival ·</i>
      </span>
      <span style="white-space:nowrap">
        <i>Master Mixes ·</i>
      </span>
      <span style="white-space:nowrap">
        <i>Decade: Greatest Hits ·</i>
      </span>
      <span style="white-space:nowrap">
        <i>Greatest ·</i>
      </span>
      <span style="white-space:nowrap">
        <i>Night Versions: The Essential Duran Duran ·</i>
      </span>
      <span style="white-space:nowrap">
        <i>Strange Behaviour ·</i>
      </span>
      <span style="white-space:nowrap">
        <i>Singles Box Set 1981-1985 ·</i>
      </span>
      <span style="white-space:nowrap">
        <i>Singles Box Set 1986-1995 ·</i>
      </span>
      <span style="white-space:nowrap">
        <i>The Essential Collection</i>
      </span>
    </p>
    <p>
      <span style="white-space:nowrap">"Planet Earth" ·</span>
      <span style="white-space:nowrap">"Careless
      Memories" ·</span>
      <span style="white-space:nowrap">"Girls on
      Film" ·</span>
      <span style="white-space:nowrap">"My Own Way" ·</span>
      <span style="white-space:nowrap">"Hungry Like the
      Wolf" ·</span>
      <span style="white-space:nowrap">"Save a
      Prayer" ·</span>
      <span style="white-space:nowrap">"Rio" ·</span>
      <span style="white-space:nowrap">"Is There Something I Should
      Know?" ·</span>
      <span style="white-space:nowrap">"Union of the
      Snake" ·</span>
      <span style="white-space:nowrap">"New Moon on
      Monday" ·</span>
      <span style="white-space:nowrap">"
      <strong class="selflink">
The Reflex
</strong>" ·</span>
      <span style="white-space:nowrap">"Tiger Tiger" ·</span>
      <span style="white-space:nowrap">"The Wild
      Boys" ·</span>
      <span style="white-space:nowrap">"A View to a
      Kill" ·</span>
      <span style="white-space:nowrap">"Notorious" ·</span>
      <span style="white-space:nowrap">"Skin Trade" ·</span>
      <span style="white-space:nowrap">"Meet El
      Presidente" ·</span>
      <span style="white-space:nowrap">"I Don't Want Your
      Love" ·</span>
      <span style="white-space:nowrap">"All She Wants
      Is" ·</span>
      <span style="white-space:nowrap">"Do You Believe in
      Shame?" ·</span>
      <span style="white-space:nowrap">"Burning the
      Ground" ·</span>
      <span style="white-space:nowrap">"Violence of Summer (Love's
      Taking Over)" ·</span>
      <span style="white-space:nowrap">"Serious" ·</span>
      <span style="white-space:nowrap">"Ordinary
      World" ·</span>
      <span style="white-space:nowrap">"Come Undone" ·</span>
      <span style="white-space:nowrap">"Too Much
      Information" ·</span>
      <span style="white-space:nowrap">"Drowning Man
      " ·</span>
      <span style="white-space:nowrap">"None Of The
      Above" ·</span>
      <span style="white-space:nowrap">"Breath After
      Breath" ·</span>
      <span style="white-space:nowrap">"Femme Fatale" ·</span>
      <span style="white-space:nowrap">"Perfect Day" ·</span>
      <span style="white-space:nowrap">"White Lines" ·</span>
      <span style="white-space:nowrap">"Lay Lady Lay" ·</span>
      <span style="white-space:nowrap">"Out of My
      Mind" ·</span>
      <span style="white-space:nowrap">"Electric
      Barbarella" ·</span>
      <span style="white-space:nowrap">"Someone Else Not
      Me" ·</span>
      <span style="white-space:nowrap">"Playing With
      Uranium" ·</span>
      <span style="white-space:nowrap">"Last Day On
      Earth" ·</span>
      <span style="white-space:nowrap">"(Reach Up for The)
      Sunrise" ·</span>
      <span style="white-space:nowrap">"What Happens
      Tomorrow" ·</span>
      <span style="white-space:nowrap">"Nice" ·</span>
      <span style="white-space:nowrap">"Falling Down"</span>
    </p>
    <p>
      <span style="white-space:nowrap">"Anyone Out
      There" ·</span>
      <span style="white-space:nowrap">"Sound of
      Thunder" ·</span>
      <span style="white-space:nowrap">"Shadows on Your
      Side" ·</span>
      <span style="white-space:nowrap">"Come Up and See Me (Make Me
      Smile)" ·</span>
      <span style="white-space:nowrap">"Planet Earth"
      (Live) ·</span>
      <span style="white-space:nowrap">"Is There Something I Should
      Know?" (Live)" ·</span>
      <span style="white-space:nowrap">"Big Thing" ·</span>
      <span style="white-space:nowrap">"Too Late
      Marlene" ·</span>
      <span style="white-space:nowrap">"The Krush Brothers: LSD
      Edit" ·</span>
      <span style="white-space:nowrap">"Decadence" ·</span>
      <span style="white-space:nowrap">"Cry Baby Cry" ·</span>
      <span style="white-space:nowrap">"Skin Divers"</span>
    </p>
    <p>
      <span style="white-space:nowrap">
        <i>Duran Duran Video 45 ·</i>
      </span>
      <span style="white-space:nowrap">
        <i>Duran Duran ·</i>
      </span>
      <span style="white-space:nowrap">
        <i>Dancing on the Valentine ·</i>
      </span>
      <span style="white-space:nowrap">
        <i>Sing Blue Silver ·</i>
      </span>
      <span style="white-space:nowrap">
        <i>Arena (An Absurd Notion) ·</i>
      </span>
      <span style="white-space:nowrap">
        <i>The Making of Arena ·</i>
      </span>
      <span style="white-space:nowrap">
        <i>Three to Get Ready ·</i>
      </span>
      <span style="white-space:nowrap">
        <i>Working for the Skin Trade ·</i>
      </span>
      <span style="white-space:nowrap">
        <i>6ix by 3hree ·</i>
      </span>
      <span style="white-space:nowrap">
        <i>Decade: Greatest Hits ·</i>
      </span>
      <span style="white-space:nowrap">
        <i>Extraordinary World ·</i>
      </span>
      <span style="white-space:nowrap">
        <i>Greatest ·</i>
      </span>
      <span style="white-space:nowrap">
        <i>Live from London</i>
      </span>
    </p>
    <p>
      <span style="white-space:nowrap">Arcadia ·</span>
      <span style="white-space:nowrap">Power Station ·</span>
      <span style="white-space:nowrap">Neurotic
      Outsiders ·</span>
      <span style="white-space:nowrap">The Devils</span>
    </p>
    <p>
      <span style="white-space:nowrap">Discography ·</span>
      <span style="white-space:nowrap">TV Mania ·</span>
      <span style="white-space:nowrap">Tours[[1]]</span>
    </p>
  </descr>
</top-song>
