<top-song xmlns="http://marklogic.com/MLU/top-songs">
  <!--Copyright (c) 2010 Mark Logic Corporation. Permission is
granted to copy, distribute and/or modify this document under the terms of the
GNU Free Documentation License, Version 1.2 or any later version published by
the Free Software Foundation; with no Invariant Sections, no Front-Cover Texts,
and no Back-Cover Texts. A copy of the license is included in the section 
entitled "GNU Free Documentation License." Content derived from 
http://en.wikipedia.org/wiki/Shining_Star_(song) 

Modified in February 2010 by Mark Logic Corporation under the terms of the 
GNU Free Documentation License.-->
  <title href="http://en.wikipedia.org/wiki/Shining_Star_(song)" xmlns:ts="http://marklogic.com/MLU/top-songs">Shining Star</title>
  <artist href="http://en.wikipedia.org/wiki/Earth,_Wind_%26_Fire" xmlns:ts="http://marklogic.com/MLU/top-songs">Earth, Wind &amp; Fire</artist>
  <weeks last="1975-05-24">
    <week>1975-05-24</week>
  </weeks>
  <album url="http://upload.wikimedia.org/wikipedia/en/thumb/a/a5/Shining_Star_Earth%2C_Wind_%26_Fire.jpg/200px-Shining_Star_Earth%2C_Wind_%26_Fire.jpg" uri="/images/Earth-Wind-Fire+Shining-Star.jpg">That's the Way of
  the World</album>
  <released>February 13, 1975</released>
  <formats>
    <format>7"</format>
    <format>45 RPM</format>
  </formats>
  <recorded>Autumn 1974</recorded>
  <genres>
    <genre>Funk</genre>
  </genres>
  <label>Columbia Records</label>
  <writers>
    <writer>Maurice White</writer>
    <writer>Larry Dunn</writer>
    <writer>Philip Bailey</writer>
  </writers>
  <producers>
    <producer>Maurice White</producer>
  </producers>
  <descr>
    <p>"Shining Star" is a song by Earth, Wind &amp; Fire from
    their album 
    <i>That's the Way of the World</i>. "Shining Star" was Earth,
    Wind &amp; Fire's first major hit, hitting #1 on both the U.S.
    Hot 100 and R&amp;B charts. The song is considered a prime
    example of funk music that has attained mainstream success.</p>
    <p>"Shining Star" won Earth, Wind &amp; Fire a Grammy for Best
    R&amp;B Performance by a Duo or Group with Vocals. The single
    was very successful commercially, selling over a million
    copies. It has been certified gold as up until the RIAA lowered
    the sales levels for certified singles in 1989, a Gold single
    equaled 1 million units sold.</p>
    <p>Earth, Wind &amp; Fire performed Shining Star on the TV
    series 
    <i>The Midnight Special</i>.</p>
    <p>"Shining Star" became a staple cover song of the Jerry
    Garcia Band, and has been remade by the Christian metal band
    Stryper on their 1990 album 
    <i>Against the Law</i>, Chaka Khan on the tribute album 
    <i>Interpretations: Celebrating the Music of Earth, Wind &amp;
    Fire</i>and also by Jump5 on their album 
    <i>Accelerate (Jump5 album)</i>.</p>
    <p>The song has been sampled by several artists, including MC
    Lyte on the song "Paper Thin" featured on her album 
    <i>Lyte as a Rock</i>, Public Enemy on the song "Prophets of
    Rage" on the album 
    <i>It Takes a Nation of Millions to Hold Us Back</i>and by The
    Roots on their song "The 'Notic" which also featured
    D'Angelo.[1]</p>
    <p>"Shining Star" was featured in the soundtrack for 
    <i>Austin Powers in Goldmember</i>, and it was played during
    the end credits of 
    <i>Semi-Pro</i>, 
    <i>Scooby Doo 2: Monsters Unleashed</i>, and 
    <i>Meet Dave</i>. The song is played in 
    <i>Muppets from Space</i>when Gonzo encounters the cosmic fish
    and later during the end credits of the film. In the movie 
    <i>Mr. 3000</i>, "Shining Star" is used in the video game 
    <i>Karaoke Revolution Volume 3</i>. The song is also featured
    in 
    <i>The Lizzie McGuire Movie</i>.</p>
    <p>"Shining Star" was the song played when Elaine Benes did the
    infamous "little kicks" for the first time on the 
    <i>Seinfeld</i>episode "The Little Kicks". The song has also
    been featured in the first few minutes in the 
    <i>Glee</i>pilot episode, and also in the 
    <i>My Name is Earl</i>episode "Stole a Badge".</p>
    <p>This song is available as downloadable content in the 
    <i>Rock Band</i>series.</p>
    <p>The information regarding accolades attributed to "Shining
    Star" is adapted from AcclaimedMusic.net and awards on
    earthwindandfire.com.</p>
    <p>(*) designates lists that are unordered.</p>
    <p>
      <span style="white-space:nowrap"> ·</span>
      <span style="white-space:nowrap"> ·</span>
      <span style="white-space:nowrap"> ·</span>
      <span style="white-space:nowrap"/>
    </p>
    <p>
      <span style="white-space:nowrap">
        <i>Earth, Wind &amp; Fire ·</i>
      </span>
      <span style="white-space:nowrap">
        <i>The Need of Love ·</i>
      </span>
      <span style="white-space:nowrap">
      <i>Last Days and Time</i> ·</span>
      <span style="white-space:nowrap">
        <i>Head to the Sky ·</i>
      </span>
      <span style="white-space:nowrap">
        <i>Open Our Eyes ·</i>
      </span>
      <span style="white-space:nowrap">
        <i>That's the Way of the World ·</i>
      </span>
      <span style="white-space:nowrap">
        <i>Spirit ·</i>
      </span>
      <span style="white-space:nowrap">
        <i>All 'N All ·</i>
      </span>
      <span style="white-space:nowrap">
        <i>I Am ·</i>
      </span>
      <span style="white-space:nowrap">
        <i>Faces ·</i>
      </span>
      <span style="white-space:nowrap">
        <i>Raise! ·</i>
      </span>
      <span style="white-space:nowrap">
        <i>Powerlight ·</i>
      </span>
      <span style="white-space:nowrap">
        <i>Electric Universe ·</i>
      </span>
      <span style="white-space:nowrap">
        <i>Touch the World ·</i>
      </span>
      <span style="white-space:nowrap">
        <i>Heritage ·</i>
      </span>
      <span style="white-space:nowrap">
        <i>Millennium ·</i>
      </span>
      <span style="white-space:nowrap">
        <i>In the Name of Love ·</i>
      </span>
      <span style="white-space:nowrap">
        <i>The Promise ·</i>
      </span>
      <span style="white-space:nowrap">
        <i>Illumination</i>
      </span>
    </p>
    <p>
      <span style="white-space:nowrap">
        <i>Another Time ·</i>
      </span>
      <span style="white-space:nowrap">
        <i>Gratitude ·</i>
      </span>
      <span style="white-space:nowrap">
        <i>The Best of Earth, Wind &amp; Fire, Vol. 1 ·</i>
      </span>
      <span style="white-space:nowrap">
        <i>The Collection ·</i>
      </span>
      <span style="white-space:nowrap">
        <i>The Best of Earth, Wind &amp; Fire, Vol. 2 ·</i>
      </span>
      <span style="white-space:nowrap">
        <i>The Eternal Dance ·</i>
      </span>
      <span style="white-space:nowrap">
        <i>Greatest Hits Live ·</i>
      </span>
      <span style="white-space:nowrap">
        <i>Greatest Hits ·</i>
      </span>
      <span style="white-space:nowrap">
        <i>The Essential Earth, Wind &amp; Fire ·</i>
      </span>
      <span style="white-space:nowrap">
        <i>That's the Way of the World: Alive in 75 ·</i>
      </span>
      <span style="white-space:nowrap">
        <i>Live in Rio  ·</i>
      </span>
      <span style="white-space:nowrap">
        <i>Love Songs</i>
      </span>
    </p>
    <p>
      <span style="white-space:nowrap">"Evil" ·</span>
      <span style="white-space:nowrap">"Keep Your Head to the
      Sky" ·</span>
      <span style="white-space:nowrap">"Mighty
      Mighty" ·</span>
      <span style="white-space:nowrap">"
      <strong class="selflink">
Shining Star
</strong>" ·</span>
      <span style="white-space:nowrap">"That's the Way of the
      World" ·</span>
      <span style="white-space:nowrap">"Sing a Song" ·</span>
      <span style="white-space:nowrap">"Can't Hide
      Love" ·</span>
      <span style="white-space:nowrap">"Getaway" ·</span>
      <span style="white-space:nowrap">"Saturday
      Nite" ·</span>
      <span style="white-space:nowrap">"Serpentine
      Fire" ·</span>
      <span style="white-space:nowrap">"Fantasy" ·</span>
      <span style="white-space:nowrap">"Got to Get You into My
      Life" ·</span>
      <span style="white-space:nowrap">"September" ·</span>
      <span style="white-space:nowrap">"Boogie
      Wonderland" ·</span>
      <span style="white-space:nowrap">"After the Love Has
      Gone" ·</span>
      <span style="white-space:nowrap">"Let Me Talk" ·</span>
      <span style="white-space:nowrap">"And Love Goes
      On" ·</span>
      <span style="white-space:nowrap">"Let's Groove" ·</span>
      <span style="white-space:nowrap">"Wanna Be With
      You" ·</span>
      <span style="white-space:nowrap">"I've Had
      Enough" ·</span>
      <span style="white-space:nowrap">"Fall In Love With
      Me" ·</span>
      <span style="white-space:nowrap">"System of
      Survival" ·</span>
      <span style="white-space:nowrap">"Thinking of
      You" ·</span>
      <span style="white-space:nowrap">"Sunday
      Morning" ·</span>
      <span style="white-space:nowrap">"All in the
      Way" ·</span>
      <span style="white-space:nowrap">"Pure Gold"</span>
    </p>
    <p>
      <span style="white-space:nowrap">
        <i>Sun Goddess ·</i>
      </span>
      <span style="white-space:nowrap">
        <i>Sweet Sweetback's Baadasssss Song</i>
      </span>
    </p>
    <p>
      <span style="white-space:nowrap">Ramsey Lewis ·</span>
      <span style="white-space:nowrap">The Pharaohs ·</span>
      <span style="white-space:nowrap">Charles
      Stepney ·</span>
      <span style="white-space:nowrap">Phenix Horns ·</span>
      <span style="white-space:nowrap">The Emotions</span>
    </p>
    <p>
      <span style="white-space:nowrap">Discography ·</span>
      <span style="white-space:nowrap">Awards and
      nominations ·</span>
      <span style="white-space:nowrap">Tribute albums ·</span>
      <span style="white-space:nowrap">Members</span>
    </p>
  </descr>
</top-song>
