<top-song xmlns="http://marklogic.com/MLU/top-songs">
  <!--Copyright (c) 2010 Mark Logic Corporation. Permission is
granted to copy, distribute and/or modify this document under the terms of the
GNU Free Documentation License, Version 1.2 or any later version published by
the Free Software Foundation; with no Invariant Sections, no Front-Cover Texts,
and no Back-Cover Texts. A copy of the license is included in the section 
entitled "GNU Free Documentation License." Content derived from 
http://en.wikipedia.org/wiki/I_Love_a_Rainy_Night 

Modified in February 2010 by Mark Logic Corporation under the terms of the 
GNU Free Documentation License.-->
  <title href="http://en.wikipedia.org/wiki/I_Love_a_Rainy_Night" xmlns:ts="http://marklogic.com/MLU/top-songs">I Love a Rainy Night</title>
  <artist href="http://en.wikipedia.org/wiki/Eddie_Rabbitt" xmlns:ts="http://marklogic.com/MLU/top-songs">Eddie Rabbitt</artist>
  <weeks last="1981-03-07">
    <week>1981-02-28</week>
    <week>1981-03-07</week>
  </weeks>
  <album url="http://upload.wikimedia.org/wikipedia/en/thumb/2/2a/I_Love_a_Rainy_Night_-_Eddie_Rabbitt.jpg/200px-I_Love_a_Rainy_Night_-_Eddie_Rabbitt.jpg" uri="/images/Eddie-Rabbitt+I-Love-a-Rainy-Night.jpg">
  Horizon</album>
  <released>December 1980</released>
  <formats>
    <format>7"</format>
  </formats>
  <recorded>1980</recorded>
  <genres>
    <genre>Country pop</genre>
    <genre>Country rock</genre>
  </genres>
  <lengths>
    <length>3:08</length>
  </lengths>
  <label>Elektra Records 47066</label>
  <writers>
    <writer>David Malloy</writer>
    <writer>Eddie Rabbitt</writer>
    <writer>Even Stevens</writer>
  </writers>
  <producers>
    <producer>David Malloy</producer>
  </producers>
  <descr>
    <p>I Love a Rainy Night is a country song by Eddie Rabbitt. It
    reached number one on the Billboard Hot 100, Hot Country
    Singles, and Adult Contemporary Singles charts in 1981. The
    song succeeded Dolly Parton's song "9 To 5" at the #1 position
    on the Billboard Hot 100 pop singles chart - the last time that
    pop chart featured back to back country singles in the number
    one position.</p>
    <p>According to music historian Fred Bronson, "I Love a Rainy
    Night" was 12 years in the making. Rabbitt had a collection of
    old tapes he kept in the basement of his home. While rummaging
    through the tapes one day in 1980, he heard a fragment of a
    song he had recorded one rainy night in the late 1960s.</p>
    <p>"It brought back the memory of sitting in a small apartment,
    staring out the window at one o'clock in the morning, watching
    the rain come down," wrote Bronson in 
    <i>The Billboard Book of Number One Hits</i>. "He sang into his
    tape recorder, 'I love a rainy night, I love a rainy
    night.'"</p>
    <p>Upon rediscovery of the old lyrics, Rabbitt completed the
    song (with help from frequent songwriting partners Even Stevens
    and David Malloy) and recorded it.</p>
    <p>The end result included vivid descriptions of a man's
    fondness for thunderstorms and the peace it brings him ("
    <i>I love to hear the thunder/watch the lightnin' as it lights
    up the sky/you know it makes me feel good</i>") and a renewed
    sense of hope the storms bring ("
    <i>Showers wash all my cares away/I wake up to a sunny
    day</i>").</p>
    <p>The song's other mark of distinction is its rhythm pattern
    of alternating finger snaps and hand claps, which was included
    with the help of percussionist Farrell Morris. Morris —
    according to "The Billboard Book of Number One Country Hits" —
    mixed two tracks of each to complete the record.</p>
    <p>"I Love a Rainy Night" came in the midst of Rabbitt's peak
    popularity as a crossover artist. The follow-up to "Drivin' My
    Life Away" (No. 1 country, No. 5 Hot 100), the song was
    Rabbitt's only Hot 100 No. 1. However, he would continue having
    crossover success with the follow-ups "Step by Step" and "You
    and I" (the latter a duet with Crystal Gayle).</p>
    <p>On 
    <i>Billboard's</i>Hot Country Singles chart, it was his eighth
    out of 17 career chart toppers, spanning from 1976 through
    1990.</p>
    <p>"I Love a Rainy Night" was certified gold for sales of 1
    million units by the Recording Industry Association of America
    [1]</p>
  </descr>
</top-song>
