<top-song xmlns="http://marklogic.com/MLU/top-songs">
  <!--Copyright (c) 2010 Mark Logic Corporation. Permission is
granted to copy, distribute and/or modify this document under the terms of the
GNU Free Documentation License, Version 1.2 or any later version published by
the Free Software Foundation; with no Invariant Sections, no Front-Cover Texts,
and no Back-Cover Texts. A copy of the license is included in the section 
entitled "GNU Free Documentation License." Content derived from 
http://en.wikipedia.org/wiki/Near_You 

Modified in February 2010 by Mark Logic Corporation under the terms of the 
GNU Free Documentation License.-->
  <title href="http://en.wikipedia.org/wiki/Near_You" xmlns:ts="http://marklogic.com/MLU/top-songs">Near You</title>
  <artist href="http://en.wikipedia.org/wiki/Francis_Craig" xmlns:ts="http://marklogic.com/MLU/top-songs">Francis Craig</artist>
  <weeks last="1947-09-20">
    <week>1947-09-20</week>
  </weeks>
  <album>Golden Ring</album>
  <released>November 1976 (US)</released>
  <formats>
    <format>7"</format>
  </formats>
  <recorded>December 12, 1974</recorded>
  <genres>
    <genre>Country</genre>
  </genres>
  <lengths>
    <length>2:21</length>
  </lengths>
  <label>Epic Records 50314</label>
  <writers>
    <writer>Francis Craig</writer>
    <writer>Kermit Goell</writer>
  </writers>
  <producers>
    <producer>Billy Sherrill</producer>
  </producers>
  <descr>
    <p>"Near You" is a popular song written by Francis Craig with
    lyrics by Kermit Goell. The song was published in 1947.</p>
    <p>The recording by Francis Craig (the song's composer) was
    released by Bullet Records as catalog number 1001. It first
    reached the Best Sellers chart on August 30, 1947, and lasted
    21 weeks on the chart, peaking at number one. On the "Most
    Played By Jockeys" chart, the song spent 17 consecutive weeks
    at number one, setting a record for both the song and the
    artist with most consecutive weeks in the number-one position
    on a music chart. In 2009, hip-hop group Black Eyed Peas
    surpassed Craig's record for artist with most consecutive weeks
    in the number-one position with the songs "Boom Boom Pow" and
    "I Gotta Feeling".</p>
    <p>Other recordings of the song that charted on the 
    <i>Billboard</i>best seller in 1947 include:</p>
    <p>Roger Williams recorded the song in 1958, and it charted on
    the Billboard Hot 100 singles chart, peaking at number ten.
    Jerry Lee Lewis recorded an instrumental version of the song in
    1959. It has also been recorded by Marlene Dietrich.</p>
    <p>In 1977, it was a numbber-one country hit for the duo of
    George Jones and Tammy Wynette. The Jones-Wynette version, was
    recorded on December 12, 1974 — one day before Jones walked out
    on Wynette.</p>
  </descr>
</top-song>
