<top-song xmlns="http://marklogic.com/MLU/top-songs">
  <!--Copyright (c) 2010 Mark Logic Corporation. Permission is
granted to copy, distribute and/or modify this document under the terms of the
GNU Free Documentation License, Version 1.2 or any later version published by
the Free Software Foundation; with no Invariant Sections, no Front-Cover Texts,
and no Back-Cover Texts. A copy of the license is included in the section 
entitled "GNU Free Documentation License." Content derived from 
http://en.wikipedia.org/w/index.php?title=Symphony_(Freddy_Martin_song)&action=edit&redlink=1 

Modified in February 2010 by Mark Logic Corporation under the terms of the 
GNU Free Documentation License.-->
  <title href="http://en.wikipedia.org/w/index.php?title=Symphony_(Freddy_Martin_song)&amp;action=edit&amp;redlink=1" xmlns:ts="http://marklogic.com/MLU/top-songs">Symphony</title>
  <artist href="http://en.wikipedia.org/wiki/Freddy_Martin" xmlns:ts="http://marklogic.com/MLU/top-songs">Freddy Martin</artist>
  <weeks last="1946-01-05">
    <week>1946-01-05</week>
  </weeks>
  <descr/>
</top-song>
