<top-song xmlns="http://marklogic.com/MLU/top-songs">
  <!--Copyright (c) 2010 Mark Logic Corporation. Permission is
granted to copy, distribute and/or modify this document under the terms of the
GNU Free Documentation License, Version 1.2 or any later version published by
the Free Software Foundation; with no Invariant Sections, no Front-Cover Texts,
and no Back-Cover Texts. A copy of the license is included in the section 
entitled "GNU Free Documentation License." Content derived from 
http://en.wikipedia.org/wiki/Managua,_Nicaragua_(song) 

Modified in February 2010 by Mark Logic Corporation under the terms of the 
GNU Free Documentation License.-->
  <title href="http://en.wikipedia.org/wiki/Managua,_Nicaragua_(song)" xmlns:ts="http://marklogic.com/MLU/top-songs">Managua, Nicaragua</title>
  <artist href="http://en.wikipedia.org/wiki/Freddy_Martin" xmlns:ts="http://marklogic.com/MLU/top-songs">Freddy Martin</artist>
  <weeks last="1947-03-01">
    <week>1947-03-01</week>
  </weeks>
  <descr>
    <p>"Managua, Nicaragua" is a popular American jazz song from
    the 1940s.</p>
    <p>The music was written by Irving Fields, the lyrics by Albert
    Gamse. The song was published in 1946.</p>
    <p>The recording by Freddy Martin's orchestra was released by
    RCA Victor Records as catalog number 20-2026. It first reached
    the Billboard magazine Best Seller chart on January 31, 1947
    and lasted 11 weeks on the chart, peaking at #1.</p>
    <p>The recording by Guy Lombardo's orchestra was recorded on
    November 15, 1946, and released by Decca Records as catalog
    number 23782. It first reached the Billboard magazine Best
    Seller chart on February 14, 1947 and lasted 9 weeks on the
    chart, peaking at #4.</p>
    <p>The recording by Kay Kyser's orchestra was released by
    Columbia Records as catalog number 37214. It first reached the
    Billboard magazine Best Seller chart on March 7, 1947 and
    lasted 2 weeks on the chart, peaking at #9.</p>
    <p>Other recordings were made by the Campus Kids and by Edmundo
    Ros.</p>
    <p>Managua, Nicaragua was featured in the classic film The
    Third Man.</p>
    
  </descr>
</top-song>
